id,date,amount,income_src
1,1/14/2024,"€898,56",Gift
2,2/20/2024,"€527,12",Freelance
3,10/26/2024,"€907,83",Investment
4,9/18/2024,"€267,00",Investment
5,6/17/2024,"€132,14",Investment
6,10/31/2024,"€967,24",Gift
7,11/21/2023,"€395,36",Gift
8,1/27/2024,"€231,01",Rental Income
9,11/27/2023,"€321,17",Rental Income
10,12/6/2023,"€290,13",Rental Income
11,10/29/2024,"€854,51",Freelance
12,1/29/2024,"€802,02",Investment
13,7/24/2024,"€17,30",Freelance
14,12/25/2023,"€502,17",Salary
15,7/30/2024,"€433,86",Freelance
16,3/31/2024,"€89,80",Investment
17,12/26/2023,"€48,85",Freelance
18,3/15/2024,"€662,41",Salary
19,4/4/2024,"€946,96",Freelance
20,1/8/2024,"€486,16",Investment
21,10/11/2024,"€440,65",Freelance
22,8/21/2024,"€42,24",Rental Income
23,11/13/2023,"€254,24",Salary
24,12/17/2023,"€414,42",Rental Income
25,12/28/2023,"€873,73",Rental Income
26,4/2/2024,"€231,26",Rental Income
27,10/4/2024,"€376,30",Rental Income
28,4/27/2024,"€580,69",Investment
29,4/6/2024,"€399,82",Gift
30,5/8/2024,"€120,39",Gift
31,2/25/2024,"€185,28",Freelance
32,5/26/2024,"€560,07",Investment
33,12/30/2023,"€965,38",Gift
34,1/14/2024,"€970,28",Freelance
35,11/1/2024,"€51,99",Investment
36,1/26/2024,"€186,47",Freelance
37,1/11/2024,"€839,11",Rental Income
38,6/15/2024,"€132,40",Salary
39,4/26/2024,"€273,40",Investment
40,7/16/2024,"€947,76",Gift
41,11/30/2023,"€422,83",Freelance
42,5/28/2024,"€136,07",Salary
43,10/7/2024,"€828,60",Freelance
44,9/23/2024,"€921,36",Salary
45,9/28/2024,"€10,56",Salary
46,12/29/2023,"€841,94",Salary
47,7/16/2024,"€74,19",Gift
48,3/2/2024,"€751,09",Investment
49,12/22/2023,"€443,41",Freelance
50,12/17/2023,"€231,68",Gift
51,8/15/2024,"€336,15",Investment
52,1/14/2024,"€497,14",Salary
53,1/16/2024,"€652,35",Salary
54,10/30/2024,"€831,55",Gift
55,3/3/2024,"€513,05",Salary
56,10/17/2024,"€298,19",Freelance
57,10/23/2024,"€215,23",Investment
58,11/2/2024,"€999,41",Gift
59,4/22/2024,"€495,11",Gift
60,2/19/2024,"€93,28",Freelance
61,5/18/2024,"€414,34",Salary
62,8/15/2024,"€789,08",Rental Income
63,1/5/2024,"€821,31",Rental Income
64,5/4/2024,"€314,62",Investment
65,4/3/2024,"€151,29",Freelance
66,6/30/2024,"€294,61",Gift
67,9/19/2024,"€992,20",Salary
68,7/2/2024,"€676,35",Investment
69,1/23/2024,"€654,29",Salary
70,7/18/2024,"€800,78",Rental Income
71,12/26/2023,"€816,69",Salary
72,10/2/2024,"€238,93",Rental Income
73,5/26/2024,"€830,95",Rental Income
74,8/6/2024,"€14,02",Rental Income
75,11/10/2023,"€612,54",Gift
76,5/20/2024,"€243,40",Rental Income
77,12/24/2023,"€162,51",Salary
78,11/24/2023,"€907,28",Gift
79,1/23/2024,"€625,15",Freelance
80,12/16/2023,"€229,72",Freelance
81,1/25/2024,"€927,45",Salary
82,5/13/2024,"€240,80",Salary
83,3/4/2024,"€596,48",Gift
84,12/1/2023,"€337,03",Freelance
85,1/23/2024,"€367,02",Gift
86,10/23/2024,"€790,84",Rental Income
87,2/16/2024,"€192,62",Salary
88,11/22/2023,"€716,65",Gift
89,6/5/2024,"€306,00",Gift
90,10/24/2024,"€97,54",Gift
91,3/12/2024,"€563,55",Rental Income
92,10/2/2024,"€796,29",Freelance
93,4/4/2024,"€224,81",Salary
94,7/28/2024,"€860,04",Gift
95,8/27/2024,"€296,80",Gift
96,4/19/2024,"€682,20",Freelance
97,3/8/2024,"€12,88",Freelance
98,12/18/2023,"€537,64",Gift
99,5/5/2024,"€880,71",Investment
100,11/15/2023,"€706,41",Freelance
101,4/11/2024,"€530,37",Gift
102,3/19/2024,"€541,37",Salary
103,4/17/2024,"€139,17",Freelance
104,8/6/2024,"€674,18",Investment
105,6/5/2024,"€647,75",Salary
106,12/23/2023,"€2,85",Rental Income
107,5/7/2024,"€775,38",Freelance
108,10/19/2024,"€177,54",Gift
109,3/27/2024,"€162,23",Rental Income
110,4/2/2024,"€323,65",Freelance
111,12/7/2023,"€183,40",Investment
112,9/26/2024,"€176,23",Gift
113,8/26/2024,"€717,27",Gift
114,6/30/2024,"€795,09",Freelance
115,7/27/2024,"€119,95",Salary
116,6/23/2024,"€502,52",Investment
117,8/6/2024,"€613,51",Salary
118,6/24/2024,"€688,83",Salary
119,2/21/2024,"€310,03",Rental Income
120,10/30/2024,"€411,32",Rental Income
121,7/31/2024,"€435,67",Freelance
122,10/15/2024,"€394,52",Gift
123,11/18/2023,"€117,78",Gift
124,1/3/2024,"€291,48",Salary
125,5/6/2024,"€525,70",Rental Income
126,4/8/2024,"€177,04",Investment
127,2/4/2024,"€400,94",Freelance
128,12/26/2023,"€710,52",Salary
129,8/17/2024,"€924,49",Salary
130,10/27/2024,"€696,23",Freelance
131,10/16/2024,"€799,79",Rental Income
132,9/4/2024,"€978,51",Salary
133,12/12/2023,"€433,09",Gift
134,9/22/2024,"€220,51",Freelance
135,12/10/2023,"€96,17",Freelance
136,3/26/2024,"€398,86",Rental Income
137,8/17/2024,"€504,56",Gift
138,1/22/2024,"€29,17",Freelance
139,1/6/2024,"€414,88",Salary
140,12/3/2023,"€404,89",Rental Income
141,3/12/2024,"€176,80",Salary
142,4/4/2024,"€353,02",Freelance
143,12/4/2023,"€720,01",Salary
144,4/16/2024,"€99,86",Freelance
145,1/3/2024,"€811,17",Rental Income
146,7/30/2024,"€303,03",Investment
147,2/7/2024,"€695,07",Freelance
148,12/6/2023,"€370,67",Salary
149,9/25/2024,"€970,72",Investment
150,10/10/2024,"€674,66",Gift
151,1/24/2024,"€618,65",Freelance
152,12/6/2023,"€432,37",Gift
153,5/26/2024,"€894,03",Rental Income
154,9/15/2024,"€990,27",Rental Income
155,1/16/2024,"€463,22",Investment
156,1/28/2024,"€592,36",Rental Income
157,11/15/2023,"€696,39",Rental Income
158,5/14/2024,"€304,62",Salary
159,11/5/2024,"€347,63",Salary
160,3/25/2024,"€525,14",Gift
161,5/11/2024,"€92,79",Salary
162,1/16/2024,"€834,41",Gift
163,11/16/2023,"€244,68",Gift
164,11/13/2023,"€143,98",Freelance
165,1/11/2024,"€581,93",Freelance
166,2/8/2024,"€324,50",Investment
167,9/20/2024,"€262,00",Investment
168,9/14/2024,"€689,82",Freelance
169,6/30/2024,"€531,78",Rental Income
170,5/24/2024,"€873,97",Gift
171,8/24/2024,"€619,50",Gift
172,12/9/2023,"€648,83",Gift
173,5/21/2024,"€181,00",Freelance
174,12/5/2023,"€991,41",Gift
175,12/10/2023,"€100,33",Freelance
176,8/25/2024,"€727,33",Salary
177,1/15/2024,"€295,11",Rental Income
178,11/20/2023,"€718,23",Investment
179,8/14/2024,"€127,75",Freelance
180,3/3/2024,"€864,52",Gift
181,6/14/2024,"€283,36",Gift
182,7/15/2024,"€860,18",Investment
183,8/13/2024,"€19,65",Salary
184,1/29/2024,"€47,55",Salary
185,5/26/2024,"€968,00",Freelance
186,7/1/2024,"€791,26",Gift
187,4/25/2024,"€869,35",Rental Income
188,6/21/2024,"€106,60",Salary
189,4/5/2024,"€289,22",Gift
190,8/30/2024,"€417,64",Rental Income
191,9/11/2024,"€631,83",Gift
192,11/11/2023,"€956,36",Rental Income
193,1/23/2024,"€436,58",Salary
194,7/19/2024,"€949,37",Investment
195,8/18/2024,"€471,64",Investment
196,11/27/2023,"€737,14",Salary
197,10/16/2024,"€313,20",Gift
198,5/26/2024,"€417,76",Freelance
199,8/30/2024,"€112,80",Freelance
200,1/11/2024,"€804,41",Freelance
201,5/3/2024,"€102,72",Investment
202,2/27/2024,"€713,14",Salary
203,7/20/2024,"€49,33",Rental Income
204,8/25/2024,"€658,15",Gift
205,11/15/2023,"€190,38",Salary
206,3/6/2024,"€302,05",Freelance
207,9/13/2024,"€652,49",Salary
208,6/12/2024,"€529,06",Rental Income
209,2/26/2024,"€722,70",Salary
210,12/26/2023,"€943,10",Investment
211,7/13/2024,"€918,27",Freelance
212,5/2/2024,"€937,54",Rental Income
213,1/24/2024,"€185,69",Rental Income
214,7/26/2024,"€315,51",Investment
215,7/15/2024,"€609,37",Gift
216,6/20/2024,"€516,45",Salary
217,8/28/2024,"€805,96",Gift
218,11/12/2023,"€660,03",Investment
219,10/29/2024,"€511,58",Gift
220,9/26/2024,"€293,40",Freelance
221,11/10/2023,"€929,54",Freelance
222,7/25/2024,"€972,06",Salary
223,4/20/2024,"€97,29",Investment
224,12/23/2023,"€736,43",Freelance
225,5/29/2024,"€612,23",Gift
226,2/16/2024,"€164,85",Freelance
227,5/5/2024,"€378,74",Gift
228,2/22/2024,"€713,52",Rental Income
229,5/17/2024,"€948,88",Rental Income
230,8/25/2024,"€319,50",Gift
231,11/23/2023,"€502,42",Salary
232,6/18/2024,"€877,25",Freelance
233,5/16/2024,"€25,17",Rental Income
234,11/9/2023,"€948,46",Rental Income
235,7/31/2024,"€1,24",Salary
236,3/17/2024,"€891,74",Investment
237,5/19/2024,"€852,09",Gift
238,12/27/2023,"€396,48",Rental Income
239,2/15/2024,"€817,54",Gift
240,8/19/2024,"€248,95",Rental Income
241,11/30/2023,"€668,24",Gift
242,10/8/2024,"€558,53",Salary
243,1/31/2024,"€648,38",Freelance
244,11/28/2023,"€301,63",Freelance
245,5/15/2024,"€801,07",Freelance
246,5/4/2024,"€887,45",Gift
247,2/4/2024,"€245,81",Rental Income
248,11/20/2023,"€155,37",Investment
249,12/7/2023,"€227,26",Gift
250,1/18/2024,"€993,76",Salary
251,11/24/2023,"€362,57",Investment
252,7/23/2024,"€293,30",Rental Income
253,3/4/2024,"€927,59",Rental Income
254,3/29/2024,"€256,44",Investment
255,7/8/2024,"€411,38",Gift
256,7/12/2024,"€260,01",Investment
257,5/10/2024,"€771,53",Gift
258,11/5/2024,"€364,79",Freelance
259,11/24/2023,"€892,35",Freelance
260,7/26/2024,"€860,24",Salary
261,4/7/2024,"€88,68",Freelance
262,4/23/2024,"€522,24",Salary
263,11/29/2023,"€93,91",Gift
264,4/22/2024,"€23,68",Investment
265,5/13/2024,"€31,48",Investment
266,3/21/2024,"€847,30",Salary
267,1/25/2024,"€427,19",Freelance
268,9/25/2024,"€622,04",Salary
269,11/13/2023,"€608,76",Gift
270,8/20/2024,"€180,14",Gift
271,3/25/2024,"€671,86",Gift
272,12/16/2023,"€115,18",Rental Income
273,9/14/2024,"€247,58",Salary
274,7/18/2024,"€730,36",Salary
275,4/28/2024,"€11,05",Investment
276,5/12/2024,"€576,15",Salary
277,10/11/2024,"€396,57",Rental Income
278,9/25/2024,"€701,55",Salary
279,3/27/2024,"€798,88",Freelance
280,6/27/2024,"€727,15",Investment
281,6/16/2024,"€517,81",Salary
282,4/24/2024,"€599,02",Gift
283,6/21/2024,"€848,70",Salary
284,8/11/2024,"€129,41",Gift
285,8/17/2024,"€440,67",Salary
286,12/21/2023,"€188,21",Freelance
287,4/3/2024,"€648,12",Rental Income
288,5/25/2024,"€840,06",Freelance
289,6/29/2024,"€982,45",Salary
290,11/6/2024,"€563,40",Gift
291,9/19/2024,"€709,48",Rental Income
292,9/16/2024,"€473,21",Investment
293,12/13/2023,"€751,79",Investment
294,8/2/2024,"€204,50",Salary
295,4/26/2024,"€397,47",Rental Income
296,5/18/2024,"€539,74",Freelance
297,5/16/2024,"€53,55",Freelance
298,10/14/2024,"€410,46",Rental Income
299,3/13/2024,"€877,89",Freelance
300,10/25/2024,"€337,35",Gift
301,9/28/2024,"€779,36",Investment
302,9/17/2024,"€975,30",Salary
303,6/18/2024,"€319,41",Salary
304,2/11/2024,"€925,15",Salary
305,7/29/2024,"€491,90",Investment
306,5/4/2024,"€537,11",Investment
307,10/14/2024,"€409,13",Investment
308,6/19/2024,"€175,75",Gift
309,1/13/2024,"€765,89",Gift
310,3/26/2024,"€523,63",Freelance
311,5/17/2024,"€893,94",Freelance
312,3/7/2024,"€423,13",Gift
313,3/24/2024,"€678,37",Freelance
314,5/12/2024,"€123,15",Investment
315,4/1/2024,"€205,76",Salary
316,4/7/2024,"€61,06",Rental Income
317,11/7/2024,"€618,22",Rental Income
318,1/16/2024,"€448,17",Investment
319,8/17/2024,"€220,21",Freelance
320,6/2/2024,"€348,83",Rental Income
321,5/11/2024,"€156,42",Rental Income
322,10/4/2024,"€149,83",Investment
323,1/1/2024,"€660,08",Gift
324,2/16/2024,"€707,06",Salary
325,6/15/2024,"€377,78",Investment
326,6/12/2024,"€441,41",Investment
327,10/7/2024,"€742,48",Investment
328,4/18/2024,"€775,38",Rental Income
329,11/8/2023,"€100,52",Salary
330,10/7/2024,"€932,33",Freelance
331,11/15/2023,"€721,83",Investment
332,2/9/2024,"€512,64",Freelance
333,10/11/2024,"€993,54",Gift
334,2/15/2024,"€665,07",Salary
335,12/10/2023,"€931,99",Salary
336,11/27/2023,"€241,88",Salary
337,4/5/2024,"€453,87",Freelance
338,10/28/2024,"€420,28",Salary
339,8/7/2024,"€30,14",Gift
340,9/23/2024,"€922,42",Rental Income
341,9/30/2024,"€820,36",Rental Income
342,9/22/2024,"€549,53",Freelance
343,8/8/2024,"€452,50",Gift
344,6/6/2024,"€17,03",Gift
345,8/24/2024,"€650,83",Gift
346,12/31/2023,"€959,17",Freelance
347,9/1/2024,"€595,55",Salary
348,8/2/2024,"€723,48",Rental Income
349,8/26/2024,"€905,11",Rental Income
350,3/4/2024,"€60,03",Investment
351,11/11/2023,"€671,20",Investment
352,10/20/2024,"€790,54",Freelance
353,7/12/2024,"€75,04",Freelance
354,1/3/2024,"€708,57",Salary
355,11/20/2023,"€439,60",Gift
356,1/13/2024,"€107,75",Rental Income
357,12/10/2023,"€38,04",Investment
358,12/8/2023,"€861,35",Rental Income
359,1/9/2024,"€334,46",Freelance
360,4/17/2024,"€695,00",Investment
361,3/21/2024,"€290,98",Freelance
362,10/24/2024,"€994,07",Freelance
363,9/25/2024,"€977,13",Rental Income
364,9/20/2024,"€567,19",Rental Income
365,10/20/2024,"€768,60",Rental Income
366,4/19/2024,"€254,43",Gift
367,11/11/2023,"€90,67",Rental Income
368,11/2/2024,"€695,49",Rental Income
369,2/7/2024,"€115,30",Gift
370,3/26/2024,"€824,76",Gift
371,2/22/2024,"€98,58",Salary
372,12/10/2023,"€232,39",Investment
373,7/14/2024,"€801,85",Gift
374,12/29/2023,"€87,70",Freelance
375,6/22/2024,"€862,41",Gift
376,6/6/2024,"€920,84",Gift
377,6/28/2024,"€672,29",Salary
378,10/13/2024,"€667,36",Salary
379,10/29/2024,"€872,38",Freelance
380,5/20/2024,"€146,99",Freelance
381,1/11/2024,"€164,03",Gift
382,6/10/2024,"€117,53",Rental Income
383,3/18/2024,"€297,72",Investment
384,4/26/2024,"€730,11",Salary
385,4/9/2024,"€795,92",Gift
386,3/9/2024,"€245,99",Rental Income
387,12/15/2023,"€567,29",Salary
388,2/28/2024,"€121,84",Gift
389,8/29/2024,"€539,77",Freelance
390,3/21/2024,"€830,93",Rental Income
391,10/7/2024,"€426,60",Rental Income
392,8/25/2024,"€929,30",Gift
393,3/30/2024,"€314,48",Rental Income
394,5/14/2024,"€773,39",Rental Income
395,3/12/2024,"€301,33",Investment
396,9/9/2024,"€324,03",Investment
397,10/10/2024,"€321,80",Salary
398,4/29/2024,"€787,96",Rental Income
399,2/8/2024,"€578,41",Freelance
400,4/29/2024,"€352,79",Freelance
401,10/22/2024,"€139,61",Gift
402,8/1/2024,"€571,53",Freelance
403,9/25/2024,"€185,92",Freelance
404,10/5/2024,"€70,31",Investment
405,10/21/2024,"€143,42",Investment
406,10/16/2024,"€270,77",Freelance
407,8/17/2024,"€666,58",Investment
408,6/25/2024,"€504,99",Salary
409,11/7/2024,"€109,87",Freelance
410,12/12/2023,"€182,22",Freelance
411,8/1/2024,"€861,07",Investment
412,2/13/2024,"€359,24",Rental Income
413,6/23/2024,"€462,16",Investment
414,7/12/2024,"€196,55",Rental Income
415,12/6/2023,"€977,30",Gift
416,1/17/2024,"€636,85",Gift
417,9/21/2024,"€401,32",Rental Income
418,1/13/2024,"€983,78",Gift
419,7/4/2024,"€625,60",Rental Income
420,3/23/2024,"€412,37",Investment
421,7/3/2024,"€889,52",Freelance
422,1/12/2024,"€586,47",Salary
423,4/4/2024,"€730,24",Gift
424,4/2/2024,"€5,96",Rental Income
425,4/6/2024,"€963,52",Salary
426,5/16/2024,"€587,70",Freelance
427,12/16/2023,"€81,44",Rental Income
428,4/26/2024,"€580,71",Gift
429,6/4/2024,"€297,52",Investment
430,6/16/2024,"€339,33",Salary
431,1/18/2024,"€165,32",Salary
432,7/7/2024,"€584,77",Salary
433,11/21/2023,"€632,19",Investment
434,7/15/2024,"€373,01",Freelance
435,9/14/2024,"€609,04",Rental Income
436,1/5/2024,"€248,25",Rental Income
437,11/8/2023,"€155,17",Gift
438,6/4/2024,"€509,13",Salary
439,3/29/2024,"€880,29",Gift
440,11/15/2023,"€548,20",Rental Income
441,10/12/2024,"€2,02",Freelance
442,5/31/2024,"€264,20",Salary
443,11/17/2023,"€375,66",Freelance
444,5/20/2024,"€282,99",Freelance
445,10/10/2024,"€832,93",Investment
446,10/27/2024,"€156,68",Gift
447,7/23/2024,"€533,26",Salary
448,3/19/2024,"€255,18",Gift
449,3/8/2024,"€866,29",Investment
450,10/24/2024,"€761,26",Rental Income
451,12/22/2023,"€302,88",Gift
452,1/13/2024,"€617,23",Gift
453,11/18/2023,"€461,66",Freelance
454,9/15/2024,"€627,25",Investment
455,3/1/2024,"€302,72",Investment
456,8/9/2024,"€769,01",Investment
457,6/3/2024,"€910,11",Investment
458,9/12/2024,"€85,14",Salary
459,6/20/2024,"€781,30",Salary
460,10/5/2024,"€901,86",Salary
461,5/10/2024,"€768,52",Rental Income
462,3/11/2024,"€802,06",Freelance
463,10/25/2024,"€720,81",Gift
464,8/18/2024,"€214,65",Rental Income
465,12/19/2023,"€186,80",Rental Income
466,3/22/2024,"€795,43",Rental Income
467,4/8/2024,"€851,84",Freelance
468,2/10/2024,"€721,63",Salary
469,12/25/2023,"€463,96",Rental Income
470,7/1/2024,"€484,63",Gift
471,1/5/2024,"€859,00",Salary
472,4/11/2024,"€426,83",Rental Income
473,1/31/2024,"€991,83",Investment
474,8/6/2024,"€893,73",Investment
475,7/21/2024,"€637,79",Investment
476,8/8/2024,"€812,85",Salary
477,9/16/2024,"€23,84",Investment
478,7/16/2024,"€542,90",Salary
479,11/21/2023,"€64,19",Rental Income
480,11/23/2023,"€634,20",Freelance
481,11/3/2024,"€117,55",Freelance
482,7/16/2024,"€181,42",Rental Income
483,10/12/2024,"€512,91",Salary
484,6/2/2024,"€289,72",Investment
485,2/29/2024,"€248,96",Freelance
486,9/23/2024,"€698,70",Salary
487,3/26/2024,"€408,65",Investment
488,10/21/2024,"€95,60",Gift
489,5/1/2024,"€978,84",Investment
490,7/5/2024,"€331,95",Freelance
491,4/12/2024,"€560,90",Gift
492,11/23/2023,"€650,60",Salary
493,2/5/2024,"€139,63",Investment
494,12/31/2023,"€179,50",Salary
495,9/18/2024,"€726,07",Salary
496,11/19/2023,"€737,36",Freelance
497,1/23/2024,"€428,27",Rental Income
498,12/16/2023,"€878,22",Freelance
499,8/31/2024,"€238,85",Investment
500,3/30/2024,"€230,07",Rental Income
501,12/15/2023,"€623,94",Investment
502,12/17/2023,"€796,40",Freelance
503,9/22/2024,"€717,19",Gift
504,7/5/2024,"€345,06",Freelance
505,10/20/2024,"€492,01",Rental Income
506,6/29/2024,"€94,99",Freelance
507,8/17/2024,"€999,26",Gift
508,3/17/2024,"€220,91",Gift
509,4/11/2024,"€13,94",Investment
510,9/5/2024,"€828,39",Gift
511,5/18/2024,"€262,73",Freelance
512,7/26/2024,"€488,08",Rental Income
513,9/15/2024,"€230,29",Salary
514,11/7/2024,"€203,26",Gift
515,5/20/2024,"€259,33",Rental Income
516,11/4/2024,"€664,09",Freelance
517,2/25/2024,"€437,92",Investment
518,2/19/2024,"€934,12",Salary
519,5/6/2024,"€292,27",Salary
520,9/30/2024,"€448,74",Gift
521,1/28/2024,"€191,18",Investment
522,12/7/2023,"€33,45",Freelance
523,4/28/2024,"€396,54",Gift
524,1/7/2024,"€560,14",Gift
525,7/17/2024,"€257,25",Salary
526,5/10/2024,"€710,24",Gift
527,10/12/2024,"€710,63",Salary
528,4/9/2024,"€191,87",Salary
529,12/30/2023,"€70,88",Gift
530,4/13/2024,"€21,17",Freelance
531,1/23/2024,"€614,04",Investment
532,8/26/2024,"€667,02",Rental Income
533,8/29/2024,"€663,49",Investment
534,10/1/2024,"€370,07",Rental Income
535,11/29/2023,"€384,27",Salary
536,5/28/2024,"€368,60",Investment
537,7/19/2024,"€203,71",Freelance
538,11/19/2023,"€283,84",Rental Income
539,5/4/2024,"€115,97",Investment
540,8/3/2024,"€179,78",Investment
541,12/23/2023,"€656,00",Freelance
542,11/1/2024,"€501,16",Salary
543,5/18/2024,"€781,76",Gift
544,12/31/2023,"€155,80",Gift
545,11/22/2023,"€453,32",Freelance
546,3/16/2024,"€290,52",Gift
547,10/29/2024,"€108,47",Salary
548,2/17/2024,"€609,95",Gift
549,6/24/2024,"€765,42",Salary
550,5/31/2024,"€794,28",Freelance
551,3/9/2024,"€464,78",Investment
552,5/7/2024,"€900,04",Investment
553,4/24/2024,"€525,77",Investment
554,8/7/2024,"€722,20",Gift
555,5/23/2024,"€908,46",Rental Income
556,8/28/2024,"€885,43",Gift
557,10/7/2024,"€638,87",Salary
558,3/10/2024,"€979,91",Gift
559,12/24/2023,"€233,82",Freelance
560,7/20/2024,"€299,69",Investment
561,9/24/2024,"€144,10",Salary
562,9/18/2024,"€213,24",Freelance
563,5/25/2024,"€57,26",Salary
564,8/4/2024,"€938,41",Rental Income
565,9/30/2024,"€418,16",Investment
566,3/19/2024,"€657,36",Gift
567,5/29/2024,"€731,97",Rental Income
568,9/9/2024,"€166,24",Salary
569,8/9/2024,"€880,21",Rental Income
570,12/31/2023,"€846,59",Gift
571,12/6/2023,"€414,89",Gift
572,9/27/2024,"€220,48",Salary
573,9/24/2024,"€812,26",Rental Income
574,3/3/2024,"€557,55",Gift
575,10/4/2024,"€489,03",Freelance
576,9/26/2024,"€291,36",Investment
577,2/28/2024,"€276,17",Rental Income
578,8/26/2024,"€478,46",Gift
579,2/28/2024,"€229,68",Rental Income
580,10/30/2024,"€377,00",Investment
581,9/11/2024,"€983,51",Investment
582,9/13/2024,"€978,12",Investment
583,2/18/2024,"€309,85",Rental Income
584,8/10/2024,"€10,18",Gift
585,7/14/2024,"€151,62",Rental Income
586,2/24/2024,"€725,76",Investment
587,12/2/2023,"€529,51",Gift
588,10/26/2024,"€417,72",Gift
589,7/23/2024,"€75,43",Salary
590,9/1/2024,"€744,82",Rental Income
591,12/19/2023,"€803,00",Salary
592,6/27/2024,"€656,85",Gift
593,4/27/2024,"€86,65",Investment
594,7/23/2024,"€321,41",Freelance
595,1/20/2024,"€642,16",Salary
596,4/13/2024,"€956,08",Investment
597,10/22/2024,"€106,38",Salary
598,8/16/2024,"€694,37",Freelance
599,9/21/2024,"€691,33",Freelance
600,1/14/2024,"€940,28",Freelance
601,6/4/2024,"€400,17",Salary
602,2/4/2024,"€809,85",Salary
603,4/4/2024,"€393,75",Investment
604,6/1/2024,"€117,07",Investment
605,3/19/2024,"€938,81",Gift
606,5/27/2024,"€682,99",Gift
607,3/10/2024,"€60,75",Rental Income
608,11/12/2023,"€437,80",Rental Income
609,3/13/2024,"€747,11",Freelance
610,12/30/2023,"€566,89",Freelance
611,10/6/2024,"€116,14",Investment
612,8/5/2024,"€60,73",Investment
613,6/19/2024,"€403,51",Rental Income
614,4/1/2024,"€369,15",Freelance
615,12/1/2023,"€310,96",Freelance
616,7/27/2024,"€953,85",Rental Income
617,4/16/2024,"€308,65",Salary
618,2/7/2024,"€720,86",Freelance
619,11/23/2023,"€514,97",Salary
620,5/4/2024,"€916,93",Investment
621,11/4/2024,"€385,19",Gift
622,5/28/2024,"€149,44",Gift
623,2/8/2024,"€318,84",Freelance
624,5/27/2024,"€620,87",Freelance
625,10/15/2024,"€100,68",Rental Income
626,6/21/2024,"€728,93",Freelance
627,1/9/2024,"€80,93",Gift
628,11/12/2023,"€206,26",Rental Income
629,3/12/2024,"€694,75",Salary
630,10/19/2024,"€309,16",Gift
631,2/8/2024,"€500,61",Salary
632,3/13/2024,"€258,52",Rental Income
633,8/20/2024,"€938,66",Salary
634,1/27/2024,"€682,80",Salary
635,9/4/2024,"€641,98",Salary
636,9/7/2024,"€943,82",Salary
637,10/8/2024,"€133,76",Gift
638,6/27/2024,"€351,34",Salary
639,9/13/2024,"€182,27",Salary
640,10/17/2024,"€45,15",Rental Income
641,7/19/2024,"€295,20",Freelance
642,4/4/2024,"€7,24",Rental Income
643,4/19/2024,"€841,50",Investment
644,1/8/2024,"€689,43",Gift
645,12/22/2023,"€790,82",Gift
646,3/7/2024,"€628,36",Investment
647,7/25/2024,"€598,44",Salary
648,8/23/2024,"€196,56",Freelance
649,10/8/2024,"€81,30",Gift
650,1/7/2024,"€66,09",Investment
651,7/27/2024,"€571,71",Freelance
652,4/15/2024,"€386,83",Rental Income
653,3/25/2024,"€45,09",Rental Income
654,10/3/2024,"€426,88",Rental Income
655,2/26/2024,"€749,70",Investment
656,4/15/2024,"€144,27",Salary
657,1/18/2024,"€519,58",Investment
658,4/18/2024,"€634,58",Gift
659,6/24/2024,"€168,02",Gift
660,12/8/2023,"€663,86",Gift
661,3/28/2024,"€987,84",Salary
662,7/1/2024,"€117,70",Gift
663,5/14/2024,"€463,39",Freelance
664,7/7/2024,"€489,17",Investment
665,2/7/2024,"€538,34",Salary
666,5/1/2024,"€894,48",Investment
667,5/31/2024,"€274,08",Rental Income
668,8/24/2024,"€432,11",Investment
669,9/8/2024,"€736,94",Investment
670,9/6/2024,"€256,98",Freelance
671,10/5/2024,"€686,57",Freelance
672,4/16/2024,"€89,76",Gift
673,8/21/2024,"€759,49",Salary
674,9/7/2024,"€611,74",Gift
675,12/29/2023,"€277,88",Investment
676,10/17/2024,"€671,56",Investment
677,4/6/2024,"€826,42",Investment
678,3/5/2024,"€732,34",Rental Income
679,3/27/2024,"€850,09",Investment
680,10/11/2024,"€522,92",Salary
681,4/17/2024,"€779,00",Rental Income
682,12/30/2023,"€481,62",Rental Income
683,12/1/2023,"€867,90",Investment
684,4/5/2024,"€886,57",Gift
685,12/7/2023,"€417,62",Gift
686,1/29/2024,"€427,04",Gift
687,9/10/2024,"€99,27",Rental Income
688,2/20/2024,"€57,96",Salary
689,11/25/2023,"€213,47",Investment
690,9/1/2024,"€486,16",Investment
691,4/5/2024,"€190,75",Investment
692,12/22/2023,"€336,24",Investment
693,11/21/2023,"€41,30",Gift
694,11/13/2023,"€23,61",Rental Income
695,4/20/2024,"€401,09",Rental Income
696,5/25/2024,"€961,11",Investment
697,12/25/2023,"€248,40",Investment
698,1/23/2024,"€170,50",Gift
699,11/16/2023,"€801,05",Salary
700,1/4/2024,"€95,94",Investment
701,10/3/2024,"€382,22",Gift
702,11/12/2023,"€58,27",Gift
703,12/19/2023,"€939,23",Salary
704,7/29/2024,"€650,06",Freelance
705,10/18/2024,"€62,00",Freelance
706,1/24/2024,"€976,76",Investment
707,3/19/2024,"€650,39",Investment
708,1/17/2024,"€533,99",Salary
709,1/18/2024,"€702,09",Rental Income
710,4/13/2024,"€615,53",Gift
711,4/25/2024,"€644,80",Freelance
712,11/14/2023,"€167,65",Gift
713,8/6/2024,"€965,25",Rental Income
714,8/26/2024,"€542,55",Investment
715,3/14/2024,"€925,41",Investment
716,1/13/2024,"€603,47",Gift
717,10/18/2024,"€573,38",Investment
718,5/1/2024,"€866,07",Salary
719,10/23/2024,"€66,68",Freelance
720,11/14/2023,"€60,27",Rental Income
721,9/2/2024,"€632,63",Freelance
722,12/2/2023,"€32,53",Freelance
723,10/17/2024,"€540,11",Freelance
724,11/7/2024,"€918,40",Investment
725,2/17/2024,"€979,04",Gift
726,2/28/2024,"€888,71",Freelance
727,8/18/2024,"€265,90",Investment
728,3/16/2024,"€577,43",Investment
729,7/2/2024,"€201,29",Investment
730,7/25/2024,"€662,01",Investment
731,9/24/2024,"€201,22",Freelance
732,7/21/2024,"€243,52",Gift
733,9/28/2024,"€151,69",Freelance
734,10/30/2024,"€367,63",Rental Income
735,3/24/2024,"€551,40",Freelance
736,4/30/2024,"€140,82",Salary
737,3/7/2024,"€424,49",Rental Income
738,6/3/2024,"€455,28",Freelance
739,3/20/2024,"€477,00",Rental Income
740,5/19/2024,"€187,71",Rental Income
741,11/8/2023,"€633,40",Salary
742,11/19/2023,"€921,64",Salary
743,7/16/2024,"€927,24",Salary
744,11/8/2023,"€873,59",Gift
745,3/14/2024,"€194,33",Gift
746,9/22/2024,"€364,06",Gift
747,5/19/2024,"€541,15",Gift
748,6/30/2024,"€403,48",Rental Income
749,10/21/2024,"€968,47",Freelance
750,8/30/2024,"€31,69",Rental Income
751,4/10/2024,"€202,09",Salary
752,1/14/2024,"€600,22",Investment
753,1/25/2024,"€535,05",Freelance
754,8/21/2024,"€475,14",Freelance
755,10/1/2024,"€263,15",Investment
756,8/5/2024,"€901,47",Rental Income
757,11/15/2023,"€893,41",Rental Income
758,7/1/2024,"€62,63",Investment
759,5/1/2024,"€324,08",Salary
760,9/8/2024,"€238,80",Salary
761,11/11/2023,"€609,61",Rental Income
762,12/29/2023,"€965,68",Investment
763,5/10/2024,"€296,85",Freelance
764,10/24/2024,"€379,04",Investment
765,5/12/2024,"€66,92",Freelance
766,4/1/2024,"€173,85",Investment
767,1/24/2024,"€993,05",Freelance
768,8/20/2024,"€363,25",Gift
769,6/22/2024,"€694,07",Gift
770,8/26/2024,"€986,86",Rental Income
771,2/25/2024,"€949,11",Gift
772,10/16/2024,"€266,00",Gift
773,3/16/2024,"€387,65",Freelance
774,8/16/2024,"€169,16",Investment
775,5/11/2024,"€865,15",Salary
776,8/31/2024,"€226,78",Gift
777,9/17/2024,"€91,29",Freelance
778,3/10/2024,"€500,73",Salary
779,12/16/2023,"€272,82",Rental Income
780,11/10/2023,"€237,82",Gift
781,12/21/2023,"€872,41",Gift
782,8/5/2024,"€201,56",Gift
783,11/27/2023,"€662,47",Gift
784,6/4/2024,"€478,86",Gift
785,3/27/2024,"€938,64",Rental Income
786,5/24/2024,"€822,87",Salary
787,5/14/2024,"€316,89",Rental Income
788,5/22/2024,"€147,59",Freelance
789,2/3/2024,"€732,77",Freelance
790,12/10/2023,"€693,73",Freelance
791,2/21/2024,"€348,95",Freelance
792,2/18/2024,"€542,70",Rental Income
793,8/17/2024,"€43,31",Freelance
794,1/3/2024,"€673,17",Gift
795,7/12/2024,"€961,22",Gift
796,3/17/2024,"€854,66",Rental Income
797,1/26/2024,"€664,36",Salary
798,3/21/2024,"€180,94",Rental Income
799,4/28/2024,"€676,60",Rental Income
800,3/25/2024,"€313,02",Freelance
801,8/19/2024,"€878,85",Rental Income
802,8/21/2024,"€492,09",Salary
803,7/18/2024,"€889,46",Freelance
804,1/15/2024,"€277,40",Rental Income
805,8/4/2024,"€852,83",Gift
806,12/22/2023,"€544,69",Freelance
807,8/27/2024,"€126,89",Investment
808,4/9/2024,"€741,69",Freelance
809,2/11/2024,"€896,34",Freelance
810,9/23/2024,"€720,93",Rental Income
811,1/17/2024,"€911,23",Investment
812,10/1/2024,"€968,01",Salary
813,2/5/2024,"€131,02",Rental Income
814,6/28/2024,"€660,95",Investment
815,8/4/2024,"€630,04",Investment
816,5/13/2024,"€871,52",Investment
817,10/10/2024,"€632,07",Gift
818,3/26/2024,"€973,20",Investment
819,11/2/2024,"€461,38",Freelance
820,1/4/2024,"€848,70",Salary
821,1/19/2024,"€560,88",Investment
822,4/4/2024,"€220,91",Freelance
823,7/2/2024,"€716,08",Investment
824,4/3/2024,"€217,00",Salary
825,7/6/2024,"€783,62",Freelance
826,7/15/2024,"€681,20",Investment
827,1/6/2024,"€763,86",Investment
828,9/12/2024,"€433,48",Freelance
829,4/12/2024,"€478,27",Investment
830,9/22/2024,"€618,53",Salary
831,6/17/2024,"€301,77",Freelance
832,6/29/2024,"€415,60",Salary
833,2/21/2024,"€646,26",Investment
834,7/3/2024,"€18,97",Salary
835,10/2/2024,"€966,97",Freelance
836,1/17/2024,"€30,33",Salary
837,7/10/2024,"€473,73",Investment
838,4/27/2024,"€164,93",Investment
839,7/15/2024,"€778,28",Rental Income
840,8/31/2024,"€734,25",Rental Income
841,10/18/2024,"€702,70",Investment
842,11/9/2023,"€341,99",Rental Income
843,7/14/2024,"€878,91",Investment
844,6/21/2024,"€541,45",Investment
845,3/8/2024,"€996,91",Gift
846,4/3/2024,"€420,56",Freelance
847,11/19/2023,"€266,14",Gift
848,2/15/2024,"€111,86",Rental Income
849,12/2/2023,"€206,16",Salary
850,2/12/2024,"€24,29",Gift
851,1/9/2024,"€524,65",Salary
852,5/26/2024,"€631,33",Investment
853,5/1/2024,"€913,51",Freelance
854,7/8/2024,"€571,78",Gift
855,7/8/2024,"€727,80",Investment
856,9/18/2024,"€976,48",Rental Income
857,2/17/2024,"€318,01",Freelance
858,11/15/2023,"€12,10",Rental Income
859,1/19/2024,"€372,75",Investment
860,7/26/2024,"€162,41",Investment
861,7/8/2024,"€66,52",Freelance
862,5/25/2024,"€939,23",Salary
863,10/23/2024,"€4,00",Freelance
864,10/10/2024,"€204,85",Freelance
865,9/3/2024,"€772,12",Salary
866,8/10/2024,"€894,04",Investment
867,9/27/2024,"€208,58",Freelance
868,2/11/2024,"€159,41",Rental Income
869,7/30/2024,"€903,97",Investment
870,4/15/2024,"€453,81",Freelance
871,10/28/2024,"€896,53",Salary
872,5/20/2024,"€343,98",Rental Income
873,7/9/2024,"€29,27",Gift
874,2/25/2024,"€231,34",Salary
875,12/21/2023,"€969,02",Rental Income
876,12/22/2023,"€750,79",Investment
877,5/21/2024,"€872,55",Rental Income
878,11/1/2024,"€492,13",Gift
879,3/15/2024,"€200,43",Investment
880,2/7/2024,"€439,20",Freelance
881,6/27/2024,"€574,00",Gift
882,5/1/2024,"€553,87",Freelance
883,8/20/2024,"€419,74",Salary
884,10/1/2024,"€906,17",Freelance
885,11/14/2023,"€794,65",Gift
886,5/23/2024,"€770,24",Investment
887,2/26/2024,"€442,25",Rental Income
888,4/22/2024,"€272,84",Salary
889,9/4/2024,"€785,32",Salary
890,1/28/2024,"€8,23",Gift
891,4/4/2024,"€74,62",Investment
892,10/15/2024,"€748,98",Salary
893,2/1/2024,"€35,95",Salary
894,12/14/2023,"€396,20",Rental Income
895,2/3/2024,"€168,03",Rental Income
896,1/22/2024,"€318,25",Salary
897,11/13/2023,"€742,94",Rental Income
898,1/7/2024,"€368,42",Salary
899,1/30/2024,"€685,09",Salary
900,3/24/2024,"€879,11",Salary
901,10/28/2024,"€658,71",Rental Income
902,1/13/2024,"€812,12",Rental Income
903,2/13/2024,"€3,82",Rental Income
904,4/27/2024,"€173,26",Investment
905,12/10/2023,"€1,92",Gift
906,4/28/2024,"€349,16",Rental Income
907,4/22/2024,"€958,94",Salary
908,9/18/2024,"€23,14",Gift
909,7/22/2024,"€801,44",Gift
910,2/8/2024,"€991,55",Rental Income
911,8/7/2024,"€772,72",Gift
912,7/14/2024,"€503,01",Investment
913,11/10/2023,"€76,89",Freelance
914,4/10/2024,"€548,29",Gift
915,12/12/2023,"€263,45",Rental Income
916,8/30/2024,"€581,84",Rental Income
917,11/11/2023,"€302,99",Rental Income
918,3/9/2024,"€928,24",Salary
919,10/29/2024,"€387,31",Salary
920,9/4/2024,"€447,47",Investment
921,4/21/2024,"€70,16",Gift
922,1/3/2024,"€131,33",Gift
923,5/12/2024,"€512,63",Salary
924,11/17/2023,"€263,69",Freelance
925,12/17/2023,"€908,20",Salary
926,1/4/2024,"€79,97",Investment
927,10/23/2024,"€638,75",Gift
928,4/28/2024,"€232,21",Rental Income
929,10/10/2024,"€124,35",Freelance
930,12/26/2023,"€492,07",Investment
931,10/6/2024,"€605,29",Rental Income
932,10/11/2024,"€164,48",Gift
933,11/26/2023,"€84,82",Salary
934,2/27/2024,"€535,91",Investment
935,6/26/2024,"€21,31",Rental Income
936,2/14/2024,"€991,99",Investment
937,4/27/2024,"€379,35",Investment
938,2/4/2024,"€619,11",Salary
939,1/15/2024,"€209,96",Gift
940,11/15/2023,"€75,96",Salary
941,8/15/2024,"€473,56",Freelance
942,3/6/2024,"€534,99",Investment
943,5/2/2024,"€764,54",Salary
944,4/22/2024,"€4,26",Investment
945,6/9/2024,"€337,86",Salary
946,4/27/2024,"€17,10",Salary
947,1/31/2024,"€299,72",Freelance
948,2/13/2024,"€789,05",Investment
949,2/24/2024,"€50,51",Gift
950,6/13/2024,"€786,24",Freelance
951,10/1/2024,"€813,12",Salary
952,1/27/2024,"€732,45",Gift
953,4/1/2024,"€707,21",Gift
954,2/23/2024,"€346,46",Freelance
955,3/19/2024,"€71,06",Freelance
956,6/21/2024,"€91,66",Gift
957,12/21/2023,"€469,55",Salary
958,8/27/2024,"€273,81",Freelance
959,8/29/2024,"€633,32",Salary
960,4/16/2024,"€220,07",Gift
961,11/16/2023,"€453,76",Rental Income
962,10/9/2024,"€669,50",Investment
963,4/16/2024,"€335,78",Gift
964,1/10/2024,"€951,20",Freelance
965,1/6/2024,"€552,93",Investment
966,3/25/2024,"€463,68",Freelance
967,1/7/2024,"€25,94",Gift
968,6/15/2024,"€930,06",Investment
969,4/3/2024,"€776,70",Gift
970,10/22/2024,"€885,20",Freelance
971,1/21/2024,"€675,53",Investment
972,2/21/2024,"€745,39",Freelance
973,12/6/2023,"€356,00",Gift
974,6/15/2024,"€8,45",Freelance
975,8/11/2024,"€608,47",Gift
976,3/2/2024,"€253,52",Rental Income
977,12/31/2023,"€601,34",Investment
978,4/24/2024,"€328,13",Investment
979,8/29/2024,"€72,82",Salary
980,9/3/2024,"€989,89",Gift
981,10/27/2024,"€600,55",Salary
982,12/11/2023,"€396,15",Salary
983,4/27/2024,"€589,91",Investment
984,7/13/2024,"€636,40",Gift
985,10/5/2024,"€879,96",Investment
986,9/25/2024,"€536,23",Gift
987,8/12/2024,"€812,31",Investment
988,7/12/2024,"€120,37",Freelance
989,6/7/2024,"€531,65",Gift
990,4/7/2024,"€319,49",Investment
991,8/31/2024,"€304,29",Rental Income
992,8/3/2024,"€785,20",Investment
993,8/31/2024,"€282,19",Salary
994,8/13/2024,"€539,40",Rental Income
995,1/11/2024,"€490,53",Gift
996,12/8/2023,"€656,74",Investment
997,11/19/2023,"€936,18",Freelance
998,2/17/2024,"€25,04",Freelance
999,11/12/2023,"€546,79",Salary
1000,11/29/2023,"€656,84",Salary
