id,date,amount,sector,IBAN,pod_sector
1,1/30/2024,"€126,66",Housing and Rent,FR40 7155 2511 81HY 7PFH GHY4 E54,Gas
2,4/14/2024,"€337,33",Groceries,AE51 7900 6344 6900 2324 516,Household Items
3,3/26/2024,"€649,27",Shopping,IL55 3047 8435 2793 8738 298,Sports Equipment
4,2/4/2024,"€489,06",Groceries,FR30 6074 2776 904I BAU3 7PLX Z76,Bakery
5,8/28/2024,"€203,73",Transportation,RS32 1628 7439 4207 0643 28,Car Loan
6,6/7/2024,"€430,74",Entertainment,LB14 0926 NOWR UBND DXKA ENNI RUXV,Movies
7,8/23/2024,"€928,54",Family,GI89 FYLW UQEL ZAH9 JPGO XLN,Family Events
8,10/11/2024,"€379,75",Groceries,MT46 XKAF 0348 17WW RMFI 4MOB TLBB SPE,Seafood
9,2/11/2024,"€872,75",Health and Wellness,PT81 7636 6332 8406 4688 8638 2,Doctor Visits
10,12/5/2023,"€799,60",Dining and Restaurants,GB94 UDVA 6591 0049 4483 34,Cafes
11,9/23/2024,"€344,32",Health and Wellness,PK82 OQPL SZ7K 46WD AMTX HBBV,Massage
12,8/9/2024,"€166,15",Insurance,FR78 3591 5635 28SK 4JHI N5EX Q17,Auto Insurance
13,2/4/2024,"€742,43",Insurance,LB38 8124 VQHI MOR3 6OSR N1EY ESUX,Life Insurance
14,1/1/2024,"€703,11",Groceries,IS43 7163 5001 1923 6536 3301 98,Fruits
15,7/11/2024,"€40,01",Dining and Restaurants,FR49 0880 2292 73J2 X1CX XOQ3 G48,Pubs
16,12/13/2023,"€249,96",Entertainment,FR02 1564 0815 87LT 1M3U QQOH G91,Concerts
17,9/6/2024,"€832,99",Insurance,FR63 0801 0868 51TY M224 UAAI C18,Critical Illness Insurance
18,1/27/2024,"€490,32",Entertainment,FR88 0385 4226 43MG 9V4P ODGO B80,Bowling
19,6/7/2024,"€623,53",Family,SI15 1525 4733 8749 369,Tutoring
20,10/16/2024,"€749,97",Shopping,LT04 0036 8061 1608 8160,Outdoor Gear
21,8/13/2024,"€629,44",Entertainment,BH15 YNKY R3QD N2KM RWHC CT,Concerts
22,6/20/2024,"€132,94",Insurance,CR45 9423 8078 5825 0790 5,Business Insurance
23,4/27/2024,"€102,07",Shopping,MC15 9811 2477 83PF Y7IU SC1I Q10,Clothing
24,3/31/2024,"€479,51",Shopping,RS37 8075 0002 7317 0164 73,Books
25,12/15/2023,"€139,08",Travel,MC02 1542 9713 72NE IG7T MI2D 401,Travel Insurance
26,10/30/2024,"€163,35",Groceries,IE06 QNLJ 1912 8394 5779 66,Condiments
27,3/20/2024,"€621,91",Dining and Restaurants,SM34 Y661 7872 904B AZCJ DLLK 6C2,Bakeries
28,10/15/2024,"€352,75",Insurance,LT67 2487 6903 5300 1500,Home Insurance
29,7/26/2024,"€702,55",Health and Wellness,FR84 7605 4912 81YC A7BL IM8S L26,Physical Therapy
30,9/30/2024,"€787,13",Family,GT78 UZPL 0TAY GFNL N5KR CYXE JSRF,Groceries
31,7/13/2024,"€522,47",Entertainment,HU30 8111 4391 6275 3866 2304 8646,Escape Rooms
32,3/14/2024,"€241,82",Groceries,PT08 8138 2091 0272 8954 8130 5,Bakery
33,9/4/2024,"€888,51",Transportation,PT30 6395 1435 2752 2998 7452 4,Train
34,7/9/2024,"€192,36",Entertainment,BA76 7455 5514 5565 5485,Karaoke
35,6/24/2024,"€884,86",Groceries,FR67 0766 5062 11DO H0NY RVDH G98,Personal Care
36,1/11/2024,"€716,56",Transportation,GL72 6772 1815 9605 23,Rideshare
37,2/16/2024,"€67,32",Health and Wellness,ME58 8978 8328 6142 8139 10,Massage
38,2/1/2024,"€667,93",Health and Wellness,FR73 4381 8449 650T FW2R UCRW K62,Dentist
39,4/14/2024,"€80,98",Groceries,LB76 2791 FILP LZZL G2VZ IAKA IL7X,Snacks
40,1/3/2024,"€887,78",Insurance,FR54 7630 5465 342V GLBD Z6TP K28,Business Insurance
41,5/1/2024,"€991,50",Shopping,HU09 3983 2182 9215 8148 1413 4959,Cosmetics
42,1/23/2024,"€627,24",Travel,BR54 8572 3398 4456 9238 4330 913F T,Travel Insurance
43,7/21/2024,"€445,13",Insurance,LT84 3576 2226 2702 1994,Auto Insurance
44,5/4/2024,"€88,73",Shopping,FR03 2616 9660 11UV 8R8N X49U M88,Appliances
45,3/19/2024,"€755,71",Health and Wellness,DK81 8125 3435 1141 49,Dentist
46,5/14/2024,"€59,81",Transportation,ME31 0521 7592 5366 2883 29,Car Loan
47,5/28/2024,"€266,57",Travel,DE30 3055 1567 1807 7865 08,Hotels
48,9/26/2024,"€463,05",Travel,HR03 9007 6310 5603 1774 7,Excursions
49,7/14/2024,"€483,38",Groceries,RO97 BTYK PNKJ NJXU MD95 G89F,Beverages
50,4/15/2024,"€34,74",Insurance,FR77 6203 5155 54ZP OLLK DPZY 581,Umbrella Policy
51,1/28/2024,"€551,37",Groceries,MU96 LWEU 4162 0738 8209 2595 850X ZP,Cleaning Supplies
52,10/14/2024,"€311,74",Groceries,FR68 9310 1383 69IC 4APE LY4P Y44,Canned Goods
53,9/27/2024,"€98,73",Travel,TR78 8338 3IIZ VBTQ JR8W RIAB H3,Travel Gear
54,11/20/2023,"€145,80",Family,KZ19 8820 E9UN PX4G MJ89,Childcare
55,8/12/2024,"€38,88",Dining and Restaurants,GE55 RC21 2437 1330 3092 63,Cafes
56,4/27/2024,"€923,97",Transportation,RS45 4737 7171 7525 4874 10,Vehicle Maintenance
57,11/23/2023,"€901,65",Entertainment,RO38 UNDF TNGA L2Z2 0OEA 3EFI,Amusement Parks
58,10/1/2024,"€166,13",Transportation,HR39 4591 6173 6793 7042 8,Car Rental
59,7/4/2024,"€614,73",Insurance,FR02 0376 3726 68IJ AMSW PRDQ N00,Mortgage Insurance
60,5/11/2024,"€947,75",Groceries,KZ98 177F XQXX PSS0 6UJC,Beverages
61,5/31/2024,"€769,33",Health and Wellness,CH13 4290 6K1T X8X7 PMKW D,Therapy
62,1/6/2024,"€765,40",Travel,FO38 0088 8459 3488 80,Souvenirs
63,8/14/2024,"€164,78",Groceries,FO33 0928 6325 6049 21,Dairy
64,10/26/2024,"€924,94",Shopping,BR91 0978 5437 7795 9910 2144 744B D,Shoes
65,5/3/2024,"€989,11",Family,PL52 6729 9393 6361 3436 3508 2390,Books
66,10/22/2024,"€625,63",Shopping,HU69 2234 4560 3144 9218 8441 5440,Gifts
67,12/21/2023,"€339,78",Insurance,FR07 4269 9239 79VD ZPAN DJJW Y24,Health Insurance
68,4/12/2024,"€986,84",Groceries,FR55 9339 8030 90WH IS19 V9KW C19,Cleaning Supplies
69,2/1/2024,"€100,52",Dining and Restaurants,ES41 1327 4989 4049 9781 7579,Food Trucks
70,10/17/2024,"€2,87",Travel,MD74 V4HV RS1Z KEYW WMF5 DC1A,Cruises
71,5/2/2024,"€332,39",Groceries,KW32 JGDK UX8I CQQQ IQSB SKDY HLUF VZ,Condiments
72,5/7/2024,"€51,10",Housing and Rent,MU80 MUNA 4029 1740 9046 3334 486Q CC,Gas
73,9/26/2024,"€539,94",Transportation,KZ93 931U JJMC FHDR FUVQ,Roadside Assistance
74,4/14/2024,"€1,67",Entertainment,FR10 1757 8303 90YE O4IR SS6X L70,Movies
75,5/25/2024,"€515,50",Shopping,SI67 7894 7743 1273 938,Outdoor Gear
76,1/2/2024,"€882,88",Family,BE40 9133 2908 4681,Health Insurance
77,7/29/2024,"€252,74",Insurance,EE03 3852 3817 6819 4637,Umbrella Policy
78,10/18/2024,"€10,01",Groceries,CH41 6935 3Q9O OKQR G80Q I,Snacks
79,3/17/2024,"€913,43",Entertainment,PK61 DWMI 4VCX VH4Z JNX7 EHIT,Movies
80,1/1/2024,"€890,65",Family,VG21 YMGT 1662 2878 3179 6512,Extra-Curricular Activities
81,10/22/2024,"€520,47",Dining and Restaurants,RS91 6006 2002 9709 3600 80,Delivery Services
82,11/20/2023,"€754,78",Health and Wellness,FR43 4755 3573 65IQ 2VRS B1VV I86,Nutrition
83,8/22/2024,"€774,57",Shopping,BA89 9681 5105 8633 0348,Toys
84,7/5/2024,"€972,53",Housing and Rent,BG41 GEVC 0255 00NT QGHT SF,Maintenance
85,11/8/2023,"€841,25",Travel,FO23 4584 9028 8784 25,Travel Gear
86,7/10/2024,"€61,06",Transportation,IL17 3357 8650 2049 9108 361,Rideshare
87,3/13/2024,"€261,81",Transportation,MK94 320R SMM9 PMND J46,Vehicle Maintenance
88,7/1/2024,"€847,77",Dining and Restaurants,IS44 5170 1969 2589 1010 6317 55,Bars
89,4/2/2024,"€338,76",Groceries,IL32 3039 6108 8992 4268 439,Meat
90,2/29/2024,"€724,10",Shopping,HU08 4692 6535 5174 0590 3307 6691,Accessories
91,5/3/2024,"€870,71",Travel,DE77 1995 0644 0708 9061 69,Vacation Packages
92,10/11/2024,"€826,48",Groceries,IL83 8938 9832 7081 6196 334,Beverages
93,11/13/2023,"€168,62",Family,VG13 RNGV 0442 1799 9006 4620,Extra-Curricular Activities
94,8/9/2024,"€14,79",Shopping,IL51 8708 6986 5834 3873 899,Jewelry
95,3/16/2024,"€982,43",Health and Wellness,DO27 GCPV 5874 5306 0281 0000 2010,Health Insurance
96,3/21/2024,"€307,88",Transportation,BH62 KNWS NWFA MDHD TDME IU,Parking
97,11/21/2023,"€115,57",Transportation,FR12 8561 6407 83LI KNTB 4HIX W56,Gasoline
98,5/19/2024,"€499,94",Shopping,CZ95 8529 9225 7048 5507 7270,Gifts
99,12/8/2023,"€228,92",Travel,LB21 1827 VU5U NCSM JLOZ 2HEU L4MY,Excursions
100,5/13/2024,"€41,97",Health and Wellness,PT27 2659 6622 0510 7780 3737 1,Optometrist
101,9/9/2024,"€158,86",Entertainment,BE91 3580 7090 2601,Amusement Parks
102,3/26/2024,"€415,52",Travel,DK08 0221 7379 0785 96,Public Transport
103,4/11/2024,"€578,55",Groceries,FR63 7648 4660 94KJ GCI0 WKF5 S77,Beverages
104,3/23/2024,"€827,03",Groceries,IL03 3201 2751 6293 1964 975,Vegetables
105,6/23/2024,"€664,89",Entertainment,MU90 ORKN 6447 8547 2679 2673 801B KX,Museums
106,6/14/2024,"€71,96",Family,MK30 8626 JYET XRNW D25,Child Entertainment
107,9/28/2024,"€654,76",Insurance,PS29 YPOU CPCV OTFJ A0SZ WDMS ZN4F H,Life Insurance
108,3/1/2024,"€284,08",Health and Wellness,AE24 3029 0370 6430 1532 990,Massage
109,9/30/2024,"€835,23",Shopping,PK63 AIJP GG3K 38EK 3UJN IAMC,Electronics
110,10/29/2024,"€315,50",Transportation,MC25 5610 3873 889A Q5FT 4JYG 326,Car Rental
111,7/2/2024,"€605,92",Family,LV50 PEOH BDQH EHZH 6V2Y A,Childcare
112,11/14/2023,"€595,08",Insurance,EE16 6934 4905 6775 8854,Pet Insurance
113,11/8/2023,"€73,78",Shopping,MD90 SWB9 KE1X UOEI 05CT XYGB,Stationery
114,12/3/2023,"€726,87",Groceries,FR73 5021 8219 34K6 WIEG IKNC Q55,Bakery
115,2/5/2024,"€129,55",Housing and Rent,FR38 4887 0030 57MR 2LIO QAYX Y60,Property Tax
116,4/22/2024,"€596,58",Travel,LV19 JFKA SGNF 7HHI V2CW L,Travel Insurance
117,3/10/2024,"€506,06",Shopping,AL92 0630 0635 RYIM 8ZWA 1HBL YCOE,Stationery
118,2/7/2024,"€848,86",Shopping,IS93 2808 8092 0160 1792 1481 03,Shoes
119,4/14/2024,"€346,74",Housing and Rent,AZ40 QRUM FUCN 9HER S7BQ MMMG RUOE,Maintenance
120,1/12/2024,"€393,67",Insurance,GL20 1808 5384 1946 89,Renters Insurance
121,7/24/2024,"€902,27",Transportation,FR95 9822 6283 11SM L5AM 8O2Y C52,Car Rental
122,6/12/2024,"€744,56",Shopping,BR83 5660 5009 5164 1452 1454 310Z U,Stationery
123,9/27/2024,"€919,53",Groceries,MK60 492P MK7Y MPHU A05,Frozen Foods
124,10/31/2024,"€511,30",Groceries,MT03 SBSY 7837 2EDU ND8E 3BTL PXID QDI,Condiments
125,6/12/2024,"€301,75",Entertainment,DE71 4788 0335 3117 6943 78,Music Lessons
126,7/6/2024,"€99,93",Groceries,ES92 6903 7508 2214 7784 2016,Pet Supplies
127,12/28/2023,"€250,33",Insurance,EE68 7717 0457 3154 8274,Disability Insurance
128,6/16/2024,"€387,99",Housing and Rent,FR76 4361 6596 678M 55TY T6KL C02,Home Security
129,7/2/2024,"€620,56",Housing and Rent,FR23 8019 5384 20HV JMVW VXXH B77,Water
130,7/10/2024,"€459,66",Transportation,PS74 DSSU MOXW K7RV TXGV J7WR RI0F U,Flight
131,8/18/2024,"€333,66",Housing and Rent,HU67 7448 9933 4867 5291 4195 6236,Internet
132,9/11/2024,"€634,26",Entertainment,NO57 2608 4868 765,Streaming Services
133,4/21/2024,"€987,13",Family,BR10 2441 2805 4710 0775 5462 104P 5,Health Insurance
134,8/13/2024,"€824,24",Housing and Rent,FR20 1327 8524 09PE GYII SZHJ C67,Electricity
135,2/1/2024,"€819,22",Travel,KW23 XIPI 1LY5 VSIL G4RL AXXJ 76XP DU,Travel Gear
136,6/4/2024,"€216,90",Health and Wellness,BA19 0992 7522 2337 8564,Chiropractor
137,1/2/2024,"€325,93",Groceries,SE89 0228 5193 2994 7003 6176,Meat
138,12/16/2023,"€957,33",Housing and Rent,MD84 BQFB EMCM OIKI FUTA 50M0,Furniture
139,2/22/2024,"€687,54",Entertainment,ME60 4049 3983 6891 8676 68,Museums
140,7/24/2024,"€975,47",Health and Wellness,BG48 UOXP 1245 47VE JUGN U9,Chiropractor
141,7/23/2024,"€539,87",Transportation,FR78 9832 7002 11IN 90PW OW3H M57,Electric Vehicle Charging
142,2/21/2024,"€445,82",Shopping,FI18 8476 6842 0888 14,Jewelry
143,4/24/2024,"€967,01",Groceries,FR37 2086 6333 55X1 GI7Z 6CFB M95,Pet Supplies
144,1/13/2024,"€441,69",Insurance,MC20 9443 9185 36K7 OD62 YPH1 Z91,Travel Insurance
145,3/9/2024,"€273,43",Transportation,IS50 9956 0902 3846 9184 3314 81,Bike Rental
146,12/23/2023,"€952,15",Entertainment,RO88 SIPZ QOUT 2PEN HHL1 YPUU,Video Games
147,1/25/2024,"€653,38",Insurance,AZ98 GEYE 3KPG LJ6D F3VI TOBC UMSA,Life Insurance
148,8/27/2024,"€333,20",Groceries,FR28 6593 3478 16JE TBUB RUQL 289,Snacks
149,3/18/2024,"€840,94",Family,AT16 8759 8745 3455 5561,Child Entertainment
150,6/20/2024,"€57,96",Dining and Restaurants,LT03 5975 7954 5039 3102,Coffee Shops
151,6/22/2024,"€155,25",Housing and Rent,FR96 6569 6494 51TS ABG3 BSEQ I36,Home Security
152,11/4/2024,"€940,03",Dining and Restaurants,DE07 7375 1488 3968 1530 25,Fast Food
153,3/22/2024,"€679,46",Insurance,LV21 LFUD 3E5Y ZFXF VG0P S,Business Insurance
154,4/2/2024,"€222,82",Family,GT56 1OPB OR6R OEYV HYY5 6BAP QERE,School Fees
155,5/22/2024,"€329,00",Transportation,FR85 4196 8954 88OB F3UL KWUK C89,Train
156,3/31/2024,"€534,05",Housing and Rent,FR12 4052 1090 25KQ 3OZH WZGA L06,Insurance
157,11/14/2023,"€994,04",Travel,LI91 9738 39HN QNF5 KG2G H,Hotels
158,4/10/2024,"€653,88",Travel,PT04 8748 5674 0856 4535 2311 5,Cruises
159,10/30/2024,"€934,11",Transportation,LB92 7128 IFOJ 3UZP BJLZ QPOR ROW5,Rideshare
160,5/30/2024,"€960,78",Dining and Restaurants,IT46 O821 6413 139H HVL0 JP4S WBG,Bakeries
161,7/9/2024,"€489,51",Groceries,MU08 STZR 9486 6746 7852 6735 488K XW,Seafood
162,3/3/2024,"€262,42",Transportation,FO15 4634 7275 9173 39,Train
163,9/1/2024,"€888,33",Groceries,AL60 7733 6074 CMFY QOKV ITOJ JONC,Frozen Foods
164,5/8/2024,"€231,01",Dining and Restaurants,BA64 4201 5531 3058 6257,Cafes
165,10/8/2024,"€419,40",Dining and Restaurants,DE92 7119 8645 9988 6676 14,Pubs
166,8/13/2024,"€525,69",Shopping,LI32 2291 41VJ COOT 0CBN W,Clothing
167,4/28/2024,"€148,34",Dining and Restaurants,FR36 7224 8700 6376 OREU 8HIK T63,Dessert Shops
168,10/5/2024,"€165,42",Health and Wellness,FR83 9883 7137 94UG JXT6 6TOY G44,Health Insurance
169,10/16/2024,"€589,83",Groceries,CZ74 7072 6374 7908 6921 1782,Household Items
170,6/11/2024,"€499,46",Housing and Rent,HU56 8158 5107 5683 7332 3777 3636,Rent
171,5/28/2024,"€938,04",Housing and Rent,IT19 L251 8725 142A QIZA 9EWR QK5,Home Improvements
172,2/18/2024,"€955,01",Groceries,IE03 MOZM 1930 0914 3377 97,Frozen Foods
173,11/18/2023,"€135,70",Shopping,IT38 E036 0299 233S ECMD PNJH CYD,Appliances
174,6/21/2024,"€366,89",Transportation,MR70 5061 3301 0967 3544 3994 699,Train
175,6/30/2024,"€703,52",Entertainment,IL95 4468 2199 7580 3600 223,Bowling
176,3/28/2024,"€554,43",Health and Wellness,EE23 2235 2213 2958 0219,Therapy
177,9/11/2024,"€826,36",Travel,MK70 101W Y12J SEGG Z01,Cruises
178,3/19/2024,"€3,22",Transportation,MU81 LBRZ 7856 7277 1938 1509 364F IH,Flight
179,7/19/2024,"€418,46",Family,HR87 2387 2898 6376 9960 2,Books
180,12/27/2023,"€905,63",Shopping,IE57 WUEJ 5342 1634 1084 90,Clothing
181,8/25/2024,"€668,62",Dining and Restaurants,PS67 SJVD SDWG XLVA J9ZC 7DQQ SQKQ W,Cafes
182,7/3/2024,"€391,44",Family,HU49 9040 4396 9426 1778 4763 3150,Childcare
183,8/8/2024,"€502,75",Shopping,IS37 7241 5762 4865 1735 8915 31,Appliances
184,5/24/2024,"€932,96",Entertainment,AZ38 CVDH 7ZP1 QQQO Q8VB XFBW BOSF,Video Games
185,8/6/2024,"€299,58",Groceries,SM40 F794 3691 547H CBVJ 0HJC 2ZS,Fruits
186,11/28/2023,"€26,05",Transportation,AL51 3631 6352 7XUO OUOV REWG UNC2,Taxi
187,6/6/2024,"€216,68",Health and Wellness,SE89 0429 4974 7705 7876 4283,Doctor Visits
188,5/25/2024,"€719,86",Housing and Rent,CR86 4994 3370 9879 5233 8,Gardening
189,8/14/2024,"€22,93",Insurance,RS06 2953 0849 0785 6320 05,Health Insurance
190,6/14/2024,"€618,98",Transportation,TN39 8255 4719 4783 3331 7637,Gasoline
191,8/17/2024,"€622,06",Family,HR74 2909 5115 2093 0284 6,Home Essentials
192,9/14/2024,"€632,12",Entertainment,ES54 8754 2626 9561 1977 7361,Karaoke
193,2/28/2024,"€319,03",Dining and Restaurants,DO80 PD2U 2824 7232 6837 8655 6132,Takeout
194,10/4/2024,"€116,88",Insurance,LU26 725Q AKTZ W4GM 96JP,Travel Insurance
195,5/27/2024,"€13,09",Entertainment,KZ49 746D 3COM UOOG THHY,Art Exhibitions
196,8/20/2024,"€244,81",Shopping,LB03 9905 C5KH CSLY VMWA CARE 8ODE,Electronics
197,9/25/2024,"€189,83",Entertainment,DO75 XS21 6741 6377 3780 4501 7736,Hobbies
198,12/6/2023,"€661,98",Travel,TR68 7091 3BAO S4RN MPCE YGIP DX,Luggage
199,2/11/2024,"€613,80",Insurance,FR10 2716 2045 12W3 YVVX CX3B F76,Health Insurance
200,12/4/2023,"€999,47",Groceries,FR82 1481 6050 03FU LFU3 MIGA G96,Meat
201,9/8/2024,"€40,32",Travel,AT76 6726 1271 6526 9542,Visas
202,2/9/2024,"€511,26",Shopping,SA42 21TU RSMH KLAB HCGY TVIW,Sports Equipment
203,7/19/2024,"€321,18",Dining and Restaurants,FR04 1433 9797 30TN OUUD LCKR W66,Coffee Shops
204,8/19/2024,"€297,37",Shopping,GB03 DZPM 0132 0599 6367 54,Outdoor Gear
205,5/31/2024,"€751,09",Entertainment,DE40 2015 5323 3772 4706 83,Live Theater
206,2/10/2024,"€542,54",Dining and Restaurants,MK72 888A KBQT LKW6 I02,Brunch Spots
207,2/13/2024,"€649,13",Insurance,FR82 0519 1986 91P3 RU08 4Y8G U21,Critical Illness Insurance
208,7/17/2024,"€559,22",Dining and Restaurants,BE67 7209 8906 0230,Food Trucks
209,9/6/2024,"€510,36",Travel,DE76 6631 7456 3763 2529 36,Food & Dining
210,4/24/2024,"€385,74",Dining and Restaurants,MK07 377P 0BV3 XSMN 385,Bakeries
211,9/20/2024,"€712,87",Groceries,LV06 DQBY A2BJ H9SK BBBS E,Cleaning Supplies
212,10/27/2024,"€292,99",Health and Wellness,HR44 8002 5927 5517 0347 3,Therapy
213,7/4/2024,"€59,95",Groceries,KZ21 698V QFHO 0J42 BPY6,Condiments
214,1/25/2024,"€337,42",Transportation,IS55 2587 3029 1938 7535 8149 27,Public Transport
215,7/5/2024,"€342,98",Groceries,AE98 9813 0956 9651 2402 612,Seafood
216,6/4/2024,"€475,98",Shopping,LB09 0302 VVSJ WVVB KJHV JPK9 EDE4,Clothing
217,5/11/2024,"€653,67",Travel,KZ36 748W 2MYV PJHJ AAJY,Vacation Packages
218,6/14/2024,"€923,54",Health and Wellness,NO29 5758 4381 064,Pharmacy
219,8/26/2024,"€190,02",Entertainment,IT06 Y443 1049 697N PRI3 TJ9O FX9,Video Games
220,10/27/2024,"€188,09",Dining and Restaurants,FR95 7825 9360 58CK FJWO 7BOX N77,Bars
221,11/13/2023,"€998,30",Travel,SK18 3486 4043 0473 3317 8829,Tourist Attractions
222,2/19/2024,"€733,85",Health and Wellness,SA54 15AS QXSW QJ2N SMUX YTGY,Health Insurance
223,1/23/2024,"€823,91",Entertainment,LT67 0117 1448 4283 3849,Movies
224,9/16/2024,"€218,18",Dining and Restaurants,SI11 4793 8699 4915 338,Buffets
225,3/18/2024,"€372,72",Dining and Restaurants,FR59 8240 1968 15RN UMWU JACY V76,Ethnic Cuisine
226,11/6/2024,"€455,06",Groceries,TN74 6858 3806 4326 7768 4726,Seafood
227,3/18/2024,"€483,42",Family,BA02 2935 8838 6026 3462,Pet Care
228,9/4/2024,"€869,00",Insurance,AT55 4778 3118 9742 8309,Business Insurance
229,5/30/2024,"€71,81",Housing and Rent,NO64 5230 8281 065,Phone
230,6/22/2024,"€220,56",Dining and Restaurants,ES51 3842 3162 4029 6619 1221,Ethnic Cuisine
231,11/24/2023,"€266,37",Transportation,RS46 0339 0509 7019 0714 77,Car Rental
232,5/17/2024,"€211,05",Insurance,FR81 1768 9317 518M XV70 VOWI Z37,Renters Insurance
233,2/12/2024,"€59,55",Health and Wellness,FR87 5180 0349 53RF 6U4T TZ6B O97,Yoga Classes
234,12/26/2023,"€623,91",Transportation,MC48 1034 9644 74PE Z5EB ZVNB W69,Car Rental
235,2/5/2024,"€431,90",Entertainment,DO07 OCDH 6806 5306 8614 4538 3808,Art Exhibitions
236,12/23/2023,"€691,35",Shopping,HU70 0436 7634 3574 7221 8074 3997,Sports Equipment
237,7/20/2024,"€404,85",Transportation,FR07 3914 7285 34MY RBAZ 9URD 788,Vehicle Maintenance
238,1/3/2024,"€183,89",Travel,AT61 4316 3944 7361 9686,Flights
239,8/15/2024,"€32,20",Insurance,DK37 5359 7628 1222 29,Auto Insurance
240,8/28/2024,"€336,58",Family,ES40 8973 6686 2782 5118 3987,Childcare
241,5/5/2024,"€564,29",Dining and Restaurants,GI84 TRYQ EF8M NOBA JRBG DU8,Casual Dining
242,6/26/2024,"€984,93",Groceries,ME87 4353 3306 6342 1915 48,Meat
243,12/14/2023,"€515,11",Travel,FO29 6082 8138 7951 89,Flights
244,12/4/2023,"€350,43",Health and Wellness,ES43 4975 3394 9078 4747 8421,Wellness Retreats
245,10/4/2024,"€834,17",Dining and Restaurants,KW62 CLIH JXLQ DRNY VVVU C4PD S6BU AH,Casual Dining
246,12/22/2023,"€369,96",Entertainment,LT79 9105 4103 2224 6445,Bowling
247,2/17/2024,"€77,48",Family,KW56 GJXL CDCY MXYM GNGW PLNF 48S2 FF,Pet Care
248,7/27/2024,"€48,66",Travel,FR76 8921 7523 39X7 GNTM Y8CW T63,Travel Insurance
249,1/24/2024,"€358,50",Travel,IL46 0348 0675 1504 1784 341,Hotels
250,3/30/2024,"€872,86",Shopping,SI95 5621 3016 7291 682,Shoes
251,7/30/2024,"€638,89",Health and Wellness,CH37 5136 7WWK B49H IG33 T,Yoga Classes
252,6/22/2024,"€29,51",Housing and Rent,MK60 254M VKGG WQYV E28,Home Improvements
253,4/26/2024,"€675,94",Groceries,SI45 7716 0132 3798 025,Canned Goods
254,8/5/2024,"€110,60",Transportation,FR77 1130 5031 7150 M8FS WJSG 209,Train
255,3/13/2024,"€957,87",Dining and Restaurants,FR34 3851 8783 26NS ZFQP YZLR O85,Cafes
256,11/28/2023,"€252,93",Health and Wellness,AL60 7206 6596 DH1D 7UPY KPOA DB66,Physical Therapy
257,8/20/2024,"€82,13",Shopping,FR14 2010 4308 03YW OWW4 BPEY R29,Toys
258,2/28/2024,"€627,79",Entertainment,ES68 6497 5587 4959 5267 2548,Museums
259,2/28/2024,"€598,22",Shopping,FR40 7575 1650 54K0 8JPS RQGG Z35,Appliances
260,12/21/2023,"€166,73",Transportation,GE92 TF51 1422 1104 6398 03,Insurance
261,2/22/2024,"€903,53",Travel,CH78 5321 4QDE 5Q4X 5HDB K,Souvenirs
262,5/14/2024,"€536,02",Insurance,BG12 ZQWF 8290 216K FR3F OR,Business Insurance
263,3/26/2024,"€610,31",Transportation,AT30 8603 6173 0629 1659,Vehicle Maintenance
264,1/17/2024,"€526,10",Dining and Restaurants,LU60 942D RTP3 NCLL ZL3M,Brunch Spots
265,1/31/2024,"€225,96",Housing and Rent,ES63 4446 0143 9893 9377 9976,Home Security
266,9/5/2024,"€260,64",Health and Wellness,HR20 3175 5129 6855 7536 6,Yoga Classes
267,11/9/2023,"€302,65",Shopping,MT56 ZYSU 1542 4807 8HVM XMCR 0EQK USI,Jewelry
268,12/20/2023,"€174,63",Shopping,GB64 VFTC 2786 7182 6050 67,Jewelry
269,3/26/2024,"€812,82",Shopping,MD79 IDC3 1QQV 4K1G 7AXU V3C2,Sports Equipment
270,12/23/2023,"€975,06",Family,FR98 3702 8610 91AG JVMT DVFR W90,Groceries
271,11/20/2023,"€968,37",Health and Wellness,IL73 1261 7061 4517 8558 875,Personal Trainer
272,11/9/2023,"€298,11",Health and Wellness,SK47 2031 2000 3851 3099 9715,Therapy
273,1/1/2024,"€266,96",Travel,KZ63 114Z CDFU MCDZ ND2F,Hotels
274,4/17/2024,"€790,44",Insurance,PS86 IUXU S1WN OGGR Z60Y H8G4 QGGH H,Business Insurance
275,11/19/2023,"€324,06",Entertainment,BG86 VZYC 7713 56E5 BNPH JC,Museums
276,9/6/2024,"€95,02",Insurance,FR85 2620 8911 57BA G7QN 2VJW F95,Dental Insurance
277,10/1/2024,"€359,40",Family,MK09 292E UWA1 79RS 861,Books
278,9/8/2024,"€868,75",Family,FR24 4219 1033 81SF 9WWA NUQ7 N31,Home Essentials
279,12/17/2023,"€472,36",Dining and Restaurants,MT61 OTKA 6834 2MEJ SQSV MOVW NITF BQC,Food Trucks
280,5/13/2024,"€527,69",Groceries,PT15 2358 8835 3974 0317 4640 9,Frozen Foods
281,7/18/2024,"€448,95",Entertainment,HU95 5637 0086 9960 1914 3081 9898,Escape Rooms
282,1/9/2024,"€223,43",Shopping,CZ62 7842 6864 5159 9714 3033,Office Supplies
283,11/13/2023,"€715,55",Entertainment,MU80 QPDM 0535 3721 7275 7489 437S AG,Dance Classes
284,4/23/2024,"€608,30",Housing and Rent,MT31 NFCO 3863 29EO ZYQC TNBG SB75 UZ0,Home Improvements
285,5/26/2024,"€744,06",Health and Wellness,NL28 QCFL 2365 0400 68,Vitamins
286,5/27/2024,"€165,05",Entertainment,DK70 4470 8634 3053 59,Music Lessons
287,6/9/2024,"€190,83",Transportation,MD70 LDVX ICYF YMYP HXKJ O876,Car Rental
288,12/16/2023,"€54,96",Family,MU53 ILGA 8014 0249 7491 7328 342Z OC,Groceries
289,8/26/2024,"€886,15",Housing and Rent,SE54 7493 8304 6576 3147 2286,Maintenance
290,8/24/2024,"€541,73",Travel,AT85 6796 7005 1660 4648,Vacation Packages
291,8/4/2024,"€843,73",Shopping,AD76 4242 5995 3NKE MZST JXQO,Jewelry
292,2/6/2024,"€771,85",Housing and Rent,IE07 MTCC 2680 2591 6544 22,Phone
293,2/16/2024,"€411,42",Family,SE81 9498 9149 2246 5663 0172,Groceries
294,2/3/2024,"€243,37",Groceries,SE15 7572 4710 6674 7717 5532,Cleaning Supplies
295,7/7/2024,"€709,34",Travel,ES59 4456 0664 2202 3575 4787,Public Transport
296,10/16/2024,"€369,41",Groceries,BE18 3334 7816 7898,Household Items
297,4/10/2024,"€89,34",Transportation,FR38 3941 8114 44ML KR5Q MOCQ K41,Insurance
298,6/2/2024,"€94,94",Groceries,AZ19 ASFI 6SG7 66AU 61XE KZ90 JYIE,Bakery
299,3/27/2024,"€580,06",Shopping,VG59 OPOU 2549 6330 5880 9021,Outdoor Gear
300,3/31/2024,"€378,57",Family,FR39 6022 9698 66VZ OXT6 UXHD H61,Birthday Gifts
301,8/27/2024,"€386,78",Shopping,FR24 8081 3287 31CW EFM7 VOOR J32,Books
302,5/8/2024,"€279,72",Family,EE65 4940 3264 3286 0394,Toys
303,4/21/2024,"€705,50",Groceries,CR52 2736 0056 8974 8665 5,Seafood
304,1/22/2024,"€73,65",Dining and Restaurants,MU82 ZDNV 7522 9808 1229 3545 216L UI,Coffee Shops
305,8/7/2024,"€56,86",Insurance,CY16 0174 3201 KF8U 52IT A2IQ 8HFT,Mortgage Insurance
306,12/18/2023,"€56,02",Dining and Restaurants,BG39 ABRR 6920 05LH H9ZP NP,Bakeries
307,2/15/2024,"€901,11",Housing and Rent,DO77 1L4P 3963 2642 7793 7525 1015,Mortgage
308,6/26/2024,"€190,94",Insurance,CR02 8369 6179 2612 4697 0,Life Insurance
309,9/2/2024,"€127,01",Insurance,FR50 1961 7076 71DH FFDQ GIBC J24,Disability Insurance
310,1/29/2024,"€644,08",Family,PL48 5084 5102 3001 6753 6662 7714,Birthday Gifts
311,9/29/2024,"€384,28",Dining and Restaurants,FR09 9767 0020 69SD GRGE YIJE A95,Food Trucks
312,6/29/2024,"€996,41",Housing and Rent,GI70 YYSY IXS8 POYT MVWS V2Z,Internet
313,2/15/2024,"€453,14",Family,FR74 1172 1471 47OZ RHBG DQFS D03,Pet Care
314,2/22/2024,"€639,90",Travel,FR81 4696 3650 34TI YS62 WW7K Q79,Rental Cars
315,6/1/2024,"€151,91",Shopping,EE04 9911 6013 1554 7193,Accessories
316,3/21/2024,"€544,30",Insurance,GB67 MLDG 8612 0898 6636 43,Renters Insurance
317,4/5/2024,"€774,53",Travel,KZ35 249E TBQ3 MJ0A V6O0,Travel Gear
318,6/30/2024,"€532,14",Travel,BE04 9892 5921 9368,Cruises
319,4/22/2024,"€114,63",Transportation,RO27 FCJN T0CQ WHB6 ST4I 4Y2Q,Public Transport
320,10/26/2024,"€606,51",Transportation,FR82 3232 2193 11IL NYEQ L8TY F94,Public Transport
321,4/24/2024,"€779,73",Health and Wellness,IS66 2986 3694 1008 6394 9036 73,Yoga Classes
322,1/22/2024,"€39,96",Health and Wellness,PK67 PXJA FYBN GW7F IBFE YNPO,Dentist
323,11/6/2024,"€673,94",Housing and Rent,LT62 8355 4189 5014 9265,Gas
324,4/10/2024,"€742,44",Insurance,GE88 OG82 2917 6758 9135 13,Auto Insurance
325,6/26/2024,"€244,41",Entertainment,LB85 5694 ERMP ODFV PWFF S62H XE1V,Live Theater
326,9/10/2024,"€656,82",Dining and Restaurants,GR14 8516 8426 1J4Y IDY5 7HSY 0AX,Coffee Shops
327,9/9/2024,"€653,15",Shopping,AT07 4099 6932 8157 4534,Outdoor Gear
328,5/3/2024,"€493,14",Dining and Restaurants,MC94 4173 0485 69OU FTVH N9NF X04,Bars
329,6/8/2024,"€136,57",Transportation,FR72 0785 0097 57E1 KJGW NDIV U40,Car Loan
330,8/8/2024,"€423,75",Transportation,HU40 6029 7668 8417 4353 8353 1991,Public Transport
331,8/31/2024,"€328,45",Transportation,MR89 4094 2224 1845 9767 3579 304,Electric Vehicle Charging
332,10/27/2024,"€667,01",Insurance,MK73 049V VL09 UX18 I21,Life Insurance
333,12/20/2023,"€957,76",Insurance,MK87 9345 AP6R GIHW H32,Travel Insurance
334,7/31/2024,"€748,90",Insurance,RS55 1330 8247 8660 9667 09,Business Insurance
335,8/29/2024,"€226,87",Travel,MD95 N6UK 0FXF IMQJ HQO2 EKRN,Hotels
336,5/4/2024,"€238,74",Entertainment,SM65 C361 9183 195R RHC0 6MP6 XAZ,Museums
337,9/29/2024,"€642,35",Groceries,HU09 7607 3859 4583 6769 5052 0719,Snacks
338,12/25/2023,"€345,03",Entertainment,GR72 0689 8296 K21P ZWWS AAET GOG,Amusement Parks
339,7/2/2024,"€797,63",Housing and Rent,PL06 7250 2510 3115 4846 5919 7236,Repairs
340,10/26/2024,"€14,42",Travel,FR76 5381 6954 38P2 MRFI KJTJ A30,Travel Gear
341,5/14/2024,"€978,05",Shopping,GI74 LVIQ VTTY 0M3Y UIDX JMY,Clothing
342,5/20/2024,"€248,03",Entertainment,SK48 1364 9953 0315 9635 0303,Escape Rooms
343,10/11/2024,"€156,86",Travel,MK34 295H DBAL ZVAY X39,Vacation Packages
344,12/13/2023,"€760,61",Insurance,NO14 2585 6253 440,Dental Insurance
345,7/8/2024,"€141,04",Insurance,EE65 1823 3920 2450 4514,Home Insurance
346,5/3/2024,"€264,17",Transportation,FO97 0806 8553 2465 63,Rideshare
347,9/21/2024,"€200,76",Travel,FR27 4616 0474 37IG EINL ATUJ X22,Food & Dining
348,12/22/2023,"€516,97",Transportation,FR63 0569 9923 64VQ KNWP GYKY S98,Car Rental
349,10/10/2024,"€979,14",Transportation,HU03 5777 7913 3926 8951 7308 8515,Public Transport
350,7/23/2024,"€747,86",Transportation,FR91 3901 8844 76OP SHBO FWUU 613,Rideshare
351,6/18/2024,"€819,78",Travel,MD71 RXJ3 MR1I IV1V SLVZ NL0E,Flights
352,5/2/2024,"€200,65",Entertainment,AD43 6034 0938 NAAK XDBH MMGR,Streaming Services
353,12/26/2023,"€128,11",Insurance,BH42 MAWS URZE EXYH AQJ5 OO,Travel Insurance
354,2/25/2024,"€971,49",Travel,MR56 9466 7769 6674 8275 7582 134,Luggage
355,1/23/2024,"€532,95",Housing and Rent,GB38 ELVU 1831 5054 5228 84,Repairs
356,9/28/2024,"€658,14",Insurance,FR11 4844 4772 90AE FFHH V8YR U22,Business Insurance
357,5/27/2024,"€371,03",Insurance,AD24 8052 5427 XHXJ CGPT R2OQ,Liability Insurance
358,3/19/2024,"€441,85",Transportation,PK70 LLDP FJAP 3RJH UZV7 KWMB,Vehicle Maintenance
359,2/9/2024,"€347,29",Travel,CY44 5994 4303 JZK4 7X9D 2KIV SL9B,Tourist Attractions
360,1/28/2024,"€527,25",Travel,BA91 8913 7807 1452 3983,Food & Dining
361,10/19/2024,"€645,40",Groceries,FR87 0721 4582 69QQ BCTZ QSFC 537,Cleaning Supplies
362,6/17/2024,"€778,17",Health and Wellness,SI81 6711 3629 3602 299,Optometrist
363,6/9/2024,"€312,08",Shopping,ES56 6480 9918 8289 0248 1246,Gifts
364,11/4/2024,"€516,47",Shopping,SM78 O688 9461 705X C9VF OYCZ DSF,Books
365,4/10/2024,"€53,40",Shopping,FO15 4284 7353 6311 01,Books
366,12/27/2023,"€505,47",Family,TN44 2703 5547 9671 7177 1855,Extra-Curricular Activities
367,9/2/2024,"€840,31",Transportation,AT96 9618 1460 5774 6391,Car Rental
368,4/30/2024,"€160,61",Insurance,IL43 2514 5569 6018 0750 486,Travel Insurance
369,11/23/2023,"€293,33",Housing and Rent,DE54 5176 4054 6575 8000 06,Gas
370,4/10/2024,"€450,65",Travel,FR82 6606 6319 414M VCW6 TT6V F99,Souvenirs
371,9/7/2024,"€797,65",Insurance,CH49 4401 48AX XVLN GHSZ W,Life Insurance
372,12/19/2023,"€786,70",Dining and Restaurants,IL96 2367 8549 4484 8807 854,Pubs
373,5/5/2024,"€802,22",Entertainment,GT31 NDM2 TGAD UI7W 1ZKC 3LE3 HTPQ,Movies
374,8/7/2024,"€748,83",Travel,MK25 682D XMBO KXGX T31,Public Transport
375,9/30/2024,"€924,56",Dining and Restaurants,IL88 8082 3313 7613 2674 011,Coffee Shops
376,2/25/2024,"€382,93",Dining and Restaurants,ES82 3648 2110 2537 2321 7836,Bars
377,12/27/2023,"€223,28",Travel,FR49 0909 6585 35NX 0J39 O34Q C20,Travel Gear
378,5/9/2024,"€74,61",Health and Wellness,FR56 0290 6480 13TN WSXH 4LRU J46,Wellness Retreats
379,12/16/2023,"€55,92",Shopping,KW18 JYPF OVPD IR3K 5O7G MHOL OJBV KE,Furniture
380,4/5/2024,"€211,87",Insurance,IL78 1111 4620 1726 3118 751,Umbrella Policy
381,10/22/2024,"€345,11",Health and Wellness,FR92 3859 4861 1454 E7B1 2GE9 R90,Chiropractor
382,3/3/2024,"€56,98",Family,DE18 4434 0533 5775 4550 19,Home Essentials
383,3/8/2024,"€761,98",Travel,IT36 Q881 4423 996B 24GH SOVL UXI,Tourist Attractions
384,5/24/2024,"€249,80",Entertainment,BE97 3479 0579 0500,Concerts
385,6/9/2024,"€734,73",Travel,BE63 8708 6670 1051,Travel Gear
386,9/2/2024,"€23,38",Housing and Rent,FR69 4518 1274 48IG O974 4M90 Y28,Water
387,1/5/2024,"€704,02",Insurance,GI77 AUOU UI4A WGS7 Z8EO 2P1,Disability Insurance
388,12/1/2023,"€712,21",Housing and Rent,FR75 5479 1360 95PL GQIF IXEY F61,Home Security
389,11/20/2023,"€657,79",Family,SK81 7387 4572 9054 5488 6229,Books
390,8/12/2024,"€412,13",Entertainment,TR87 5941 6SBZ GBPY H0F6 BQYW AA,Video Games
391,12/19/2023,"€358,96",Transportation,GE09 CZ35 5277 4486 2156 42,Parking
392,1/6/2024,"€793,18",Travel,LT70 6870 9639 5619 4494,Souvenirs
393,8/21/2024,"€129,18",Entertainment,DK46 9029 5171 0118 74,Art Exhibitions
394,3/16/2024,"€314,31",Transportation,HU63 2654 9268 5145 2469 4873 6038,Train
395,2/2/2024,"€12,51",Health and Wellness,CY52 9862 2843 WV9K HMIZ 8LRP 5VLK,Pharmacy
396,6/25/2024,"€310,32",Groceries,FR79 6514 3635 05WO 8X8Q AHTF J57,Seafood
397,2/21/2024,"€819,86",Shopping,LI57 3393 1AXC HUS2 LEAH 5,Books
398,2/13/2024,"€801,18",Family,BE13 7108 3103 5544,Pet Care
399,8/3/2024,"€482,36",Health and Wellness,CZ49 3039 9760 6040 9529 3913,Wellness Retreats
400,8/23/2024,"€189,22",Housing and Rent,SE16 5401 5720 3541 4852 9886,Gas
401,10/4/2024,"€558,06",Shopping,DK57 6091 5019 5799 46,Sports Equipment
402,6/16/2024,"€596,70",Health and Wellness,BH62 ESQN BJBX 90FD IH02 W5,Optometrist
403,5/19/2024,"€739,88",Insurance,CZ49 0175 3374 8390 7165 1907,Mortgage Insurance
404,12/16/2023,"€238,07",Insurance,AD98 8730 8532 LXH2 XXOS IRAN,Vision Insurance
405,5/4/2024,"€853,46",Insurance,CR73 2737 7057 5784 4773 7,Liability Insurance
406,4/30/2024,"€726,76",Transportation,PS40 XMWJ KQMI DVZI QK5Z BYMU RRWM B,Rideshare
407,12/13/2023,"€163,03",Shopping,FR47 9892 8631 77HG W3GX FJ25 224,Outdoor Gear
408,9/6/2024,"€266,11",Family,PT71 3777 5801 3366 1657 9643 2,Birthday Gifts
409,10/16/2024,"€343,53",Shopping,EE25 9174 4823 4702 1143,Shoes
410,12/16/2023,"€140,68",Insurance,FR81 7908 7415 58XT UOSZ BTFL O60,Dental Insurance
411,3/21/2024,"€917,12",Groceries,ES16 7905 6095 6223 3727 9165,Cleaning Supplies
412,11/7/2024,"€275,10",Family,GE67 EA00 9943 3058 0401 63,Toys
413,11/6/2024,"€58,74",Dining and Restaurants,LB25 5487 X6YZ HUC7 KTIR JTFX HKTN,Bakeries
414,11/23/2023,"€349,02",Insurance,ME39 1812 0271 5303 5256 78,Health Insurance
415,6/23/2024,"€996,07",Entertainment,IS04 0589 3315 2252 2387 3794 69,Concerts
416,4/14/2024,"€63,74",Health and Wellness,FR30 1036 0636 63JS DO79 IZAR A21,Health Insurance
417,12/13/2023,"€934,49",Dining and Restaurants,PT65 6714 2446 6767 6230 7308 0,Cafes
418,9/9/2024,"€217,82",Dining and Restaurants,CH40 9078 0SCJ 3YNS G0BK 6,Delivery Services
419,10/5/2024,"€310,78",Health and Wellness,ES46 9785 7739 6385 3923 9543,Chiropractor
420,7/23/2024,"€367,13",Dining and Restaurants,LB09 3071 GRRT O9QB 9YC2 AUFP EGMD,Brunch Spots
421,2/27/2024,"€583,18",Shopping,VG52 XCBQ 5400 2638 1955 8618,Gifts
422,6/17/2024,"€775,20",Travel,TR07 9110 8G25 HK5W GODC UGOE HZ,Vacation Packages
423,6/6/2024,"€595,72",Groceries,PS32 GJOX 7ROF 4MII NNCT T0JK LDW5 B,Cleaning Supplies
424,1/31/2024,"€113,47",Groceries,FR12 5109 4274 52YN CPMX I6OA J43,Personal Care
425,3/14/2024,"€543,73",Groceries,EE57 5975 6893 1918 3644,Pet Supplies
426,6/1/2024,"€487,35",Family,MU76 CVZQ 8805 6777 1074 2397 945V JQ,Health Insurance
427,8/31/2024,"€322,89",Shopping,LV59 RMEC OB8A MMW2 TU7G Y,Clothing
428,10/9/2024,"€566,36",Transportation,DE72 1177 5572 9349 2969 36,Electric Vehicle Charging
429,7/13/2024,"€224,82",Family,FR97 3927 7340 859C 9N5J SIPA J51,Extra-Curricular Activities
430,6/12/2024,"€193,28",Insurance,PT59 2443 3062 5071 3447 3463 6,Umbrella Policy
431,10/21/2024,"€285,27",Insurance,FO16 5689 7284 4046 33,Renters Insurance
432,3/30/2024,"€676,71",Health and Wellness,IL21 4367 9604 4669 2712 738,Doctor Visits
433,3/15/2024,"€227,54",Insurance,SE42 5774 0435 8959 7655 5774,Dental Insurance
434,11/18/2023,"€639,23",Health and Wellness,FR54 0536 9501 45UR VVQ1 55JO S15,Wellness Retreats
435,3/13/2024,"€613,64",Groceries,FR15 0167 1940 839O XKWH 0P3X Q76,Seafood
436,11/7/2024,"€938,94",Entertainment,FR90 7512 7633 82GH WCLC TQDS O95,Bowling
437,9/29/2024,"€446,96",Health and Wellness,HR49 0746 0755 4993 8749 3,Therapy
438,2/17/2024,"€720,58",Entertainment,DK30 7376 0670 0323 26,Amusement Parks
439,7/12/2024,"€935,67",Family,IL32 6372 9026 8672 6202 626,Child Entertainment
440,9/5/2024,"€62,10",Insurance,MR80 7203 3482 8955 8843 1276 490,Umbrella Policy
441,5/14/2024,"€929,38",Groceries,FR34 1885 2412 76XX V6CA UHTQ C70,Beverages
442,4/9/2024,"€933,31",Transportation,FR28 8966 5792 576A APSU 6BIM T13,Insurance
443,7/14/2024,"€855,52",Housing and Rent,KW05 KOSI FPJU WVDZ WAS3 IIKR LRZY GW,Maintenance
444,9/25/2024,"€160,38",Groceries,LB38 8342 4FKA OKQU RYCM WZYT GX0R,Seafood
445,11/22/2023,"€824,32",Shopping,LV17 PRBM A6TT DGS9 GBNT P,Furniture
446,8/9/2024,"€233,44",Health and Wellness,FR02 8606 9582 83TD IKYP SYIB Z25,Nutrition
447,3/1/2024,"€411,62",Travel,DO47 C6QE 1668 0840 5994 9790 4457,Excursions
448,12/22/2023,"€671,83",Health and Wellness,FO90 5756 0429 3365 89,Vitamins
449,10/29/2024,"€548,78",Groceries,DE38 0776 2381 6730 9279 56,Canned Goods
450,2/24/2024,"€784,32",Travel,FR37 5598 9177 31EK A9M1 ZBH7 Q98,Souvenirs
451,12/1/2023,"€862,51",Health and Wellness,HR37 3526 5517 9724 8124 5,Optometrist
452,1/21/2024,"€176,34",Transportation,DK73 2017 3022 5148 49,Public Transport
453,4/8/2024,"€606,53",Entertainment,AT28 7421 7633 6603 8176,Art Exhibitions
454,2/8/2024,"€889,18",Housing and Rent,FR77 4807 3043 42G4 OVTJ COKP R74,Maintenance
455,10/7/2024,"€445,20",Dining and Restaurants,PT45 6451 3956 4342 5181 2531 1,Delivery Services
456,7/18/2024,"€927,42",Groceries,FR17 4565 4803 642I YXCF RSA4 C15,Snacks
457,8/31/2024,"€323,80",Shopping,FR19 9051 5632 500M FEM7 TFG7 Q59,Gifts
458,8/9/2024,"€872,24",Dining and Restaurants,PL77 2457 6089 5593 6035 8678 3951,Takeout
459,5/9/2024,"€484,61",Transportation,SE80 0527 7286 3779 1093 3123,Public Transport
460,7/4/2024,"€954,19",Groceries,FR62 6827 6578 56FW DQVR WVCA I39,Condiments
461,2/5/2024,"€22,78",Dining and Restaurants,SK43 8062 0922 9229 6852 7428,Bars
462,2/5/2024,"€942,40",Groceries,GI55 PZYZ 6AZ4 HTL5 JFXW EJ3,Vegetables
463,7/24/2024,"€521,62",Housing and Rent,ME68 3784 7023 1366 3340 25,Repairs
464,7/12/2024,"€517,24",Housing and Rent,FR67 2521 4954 552H NZAP JRIV X19,Home Improvements
465,8/13/2024,"€643,48",Transportation,VG35 NBFL 6851 4976 9418 9809,Vehicle Maintenance
466,3/9/2024,"€626,28",Groceries,LV10 KCIL 7K3C UEJJ 16GH 5,Bakery
467,11/26/2023,"€279,71",Health and Wellness,FO10 9123 0496 0858 77,Physical Therapy
468,2/26/2024,"€482,82",Housing and Rent,SK72 0185 1023 4699 9927 6052,Electricity
469,2/17/2024,"€474,53",Dining and Restaurants,FR81 2246 4469 85HX EWQF ZUTE Q59,Delivery Services
470,11/1/2024,"€378,22",Insurance,FO92 0416 4393 3114 44,Critical Illness Insurance
471,11/16/2023,"€296,76",Entertainment,DO49 R76Y 6524 0747 3073 2641 4150,Music Lessons
472,5/26/2024,"€343,45",Entertainment,MR77 6612 4919 0123 4495 9403 191,Sports Events
473,3/26/2024,"€11,33",Dining and Restaurants,KW18 MNTK QC89 RKJ2 27BL 2KYA VWL0 NB,Brunch Spots
474,6/6/2024,"€993,88",Dining and Restaurants,LV26 BAIC NCI1 ZYXQ CACL D,Delivery Services
475,8/7/2024,"€675,92",Family,SM66 O958 1301 111O AKQV 6NIB KNL,Books
476,9/23/2024,"€63,84",Dining and Restaurants,IS27 0812 6345 9001 0477 9925 98,Coffee Shops
477,4/26/2024,"€747,47",Insurance,DE69 5087 4455 8752 7516 33,Pet Insurance
478,6/16/2024,"€80,75",Insurance,TR51 6912 99P8 CZAB 8EPT COUT PP,Home Insurance
479,10/25/2024,"€790,44",Entertainment,IT31 M205 2447 975T QNPP AVWR IDO,Concerts
480,7/7/2024,"€502,37",Groceries,BA17 5683 9364 7260 9572,Household Items
481,11/2/2024,"€939,27",Dining and Restaurants,AZ02 XYKW OMT3 DCJV VWJ0 OX3D 1RF6,Bars
482,2/2/2024,"€344,81",Dining and Restaurants,FR32 0399 9641 25EY WLJX ZTG9 O78,Dessert Shops
483,6/30/2024,"€713,77",Shopping,FR79 8470 1447 407E 2NFH G872 T99,Stationery
484,11/17/2023,"€657,58",Entertainment,TR44 7403 2P1Q PW7Z J5U3 UBHT PD,Art Exhibitions
485,11/2/2024,"€730,02",Housing and Rent,FR34 6919 9195 28EG HJEQ BLWB P25,Furniture
486,9/21/2024,"€594,81",Travel,LB83 3707 UEBL FEXI SURX HNCN DYAC,Flights
487,1/15/2024,"€779,87",Entertainment,AE51 3062 5727 9146 3193 198,Museums
488,3/16/2024,"€267,48",Travel,BA52 2583 7362 7303 9788,Visas
489,8/8/2024,"€830,93",Travel,IS22 8231 9870 2806 1616 9315 04,Rental Cars
490,3/19/2024,"€996,95",Family,AL62 7389 4212 UJ91 J5VZ I1CB XV96,Child Entertainment
491,6/6/2024,"€939,57",Health and Wellness,PS92 CICC A8BD VKM0 XFWO QFON QAGR D,Dentist
492,11/3/2024,"€336,50",Entertainment,FR28 9155 8502 186R GPCY 1JLN 626,Streaming Services
493,6/9/2024,"€704,75",Dining and Restaurants,AE92 9538 5497 0542 3229 786,Pubs
494,7/7/2024,"€775,12",Groceries,PK37 VPVO GL3Z WOUM LKAJ 06YT,Beverages
495,11/14/2023,"€820,36",Insurance,AD24 4730 6861 3MVQ HGKM XKJR,Travel Insurance
496,8/31/2024,"€270,74",Travel,DO32 WXWN 0725 9722 0198 4895 7432,Hotels
497,4/7/2024,"€239,05",Shopping,BR55 7963 6757 1303 5449 1767 465V O,Accessories
498,9/6/2024,"€891,02",Travel,BR86 4768 9175 2550 7410 6655 778H S,Luggage
499,8/18/2024,"€644,66",Health and Wellness,FR55 6708 7957 54OO 3KZT ZPQU 541,Massage
500,6/16/2024,"€573,79",Insurance,FR42 8942 6079 06TJ NFS2 HEN9 G93,Life Insurance
501,6/11/2024,"€519,16",Insurance,DE87 6032 3855 8789 2473 41,Home Insurance
502,9/12/2024,"€649,04",Health and Wellness,LI73 8198 6BG2 CEGD EQXK P,Vitamins
503,12/10/2023,"€583,70",Housing and Rent,HR60 0604 3265 0536 1401 4,Home Security
504,6/15/2024,"€930,86",Dining and Restaurants,FR71 9203 0476 38ZE OH3I MXTR A01,Brunch Spots
505,4/8/2024,"€895,46",Insurance,MR68 1062 0216 2994 5416 9735 082,Disability Insurance
506,1/16/2024,"€868,65",Shopping,EE57 5871 8602 3218 9647,Appliances
507,2/14/2024,"€781,29",Family,FR81 5458 9788 807A RMLD WQ4W G18,Extra-Curricular Activities
508,3/23/2024,"€900,64",Housing and Rent,GT60 KLQN TSQK 1KWM 83MY DO72 LUDD,Property Tax
509,11/25/2023,"€860,67",Dining and Restaurants,BH61 NOTE 9EPD GUHH IIRK SA,Brunch Spots
510,1/21/2024,"€351,20",Housing and Rent,NL71 AXFQ 8106 9883 63,Rent
511,9/26/2024,"€121,12",Health and Wellness,LV21 SAQN 5OZZ CB59 PQ8D E,Health Insurance
512,12/9/2023,"€740,08",Travel,SM11 K178 3599 4862 VPPD C3Y6 45B,Travel Insurance
513,2/27/2024,"€152,72",Family,AZ53 FZLO FBEN L7PD FDX9 LJXS BCAN,Child Entertainment
514,9/2/2024,"€637,93",Transportation,SI59 3020 8787 0063 838,Taxi
515,5/21/2024,"€46,10",Travel,IS16 7981 3622 4671 5167 7959 77,Hotels
516,11/26/2023,"€786,39",Family,BA06 9712 4102 7552 3382,School Fees
517,12/17/2023,"€854,27",Dining and Restaurants,FR39 0229 6823 16AK 3NPS LEFQ Q88,Ethnic Cuisine
518,3/28/2024,"€54,67",Health and Wellness,MK75 788G UU2P TT5G V77,Chiropractor
519,7/24/2024,"€551,51",Health and Wellness,GL82 9683 9405 7481 86,Gym Membership
520,10/10/2024,"€773,08",Family,RS93 7927 6698 3300 1966 11,Holidays
521,1/14/2024,"€462,88",Travel,FR38 9636 7748 75QY LMIE 1CXQ W45,Public Transport
522,10/29/2024,"€529,46",Groceries,SI84 6295 0127 8373 023,Snacks
523,7/9/2024,"€201,17",Family,DO35 0EQM 2179 8753 9107 4335 7070,Childcare
524,11/16/2023,"€132,94",Health and Wellness,FR34 5484 6639 43O3 P6H9 C91E F14,Pharmacy
525,9/27/2024,"€853,00",Travel,FR85 8380 2673 99IH O3A4 NOAX R78,Airport Transfers
526,3/30/2024,"€67,29",Entertainment,FR15 9686 1253 24KK GWB5 CLUU L73,Music Lessons
527,9/19/2024,"€418,66",Family,HU74 2652 2795 1793 6763 3497 6488,Health Insurance
528,11/5/2024,"€650,70",Family,RO86 SNFL 5YAD CCXU NLFZ LIZG,Groceries
529,6/5/2024,"€638,18",Insurance,FR23 1278 5642 43UD FDXD 26ZU O32,Auto Insurance
530,12/14/2023,"€991,20",Family,MK63 871F NZBX CQRR C18,Childcare
531,9/22/2024,"€10,74",Insurance,RO93 QPIH EII3 SNFF JMKE WKDU,Dental Insurance
532,12/8/2023,"€141,12",Family,NL22 ZQLF 8954 6618 96,Groceries
533,7/24/2024,"€518,22",Health and Wellness,NL09 GGXM 5814 2791 65,Gym Membership
534,7/2/2024,"€822,24",Shopping,NL72 ZAHK 9722 6736 55,Books
535,2/11/2024,"€811,76",Entertainment,LU51 609N I7BS EEC4 HWLS,Movies
536,7/20/2024,"€759,37",Entertainment,MK28 9436 DNSD O3BL Y62,Art Exhibitions
537,3/27/2024,"€653,97",Transportation,LB97 0836 H6BF GNDP WPHE SS6N 0YU4,Car Loan
538,12/7/2023,"€680,78",Family,MU71 AZRJ 5686 7173 6354 8294 301R CH,Holidays
539,4/3/2024,"€911,06",Housing and Rent,MK32 813D EZWY 68HE X02,Maintenance
540,3/27/2024,"€569,40",Transportation,BA25 1860 0459 1777 7923,Insurance
541,1/26/2024,"€15,21",Family,BR36 3906 9580 2917 7225 7610 619E B,Birthday Gifts
542,4/11/2024,"€789,43",Family,NO34 7606 1419 475,Tutoring
543,12/17/2023,"€752,21",Dining and Restaurants,FR50 8545 6831 73MI SN4U LRXP X67,Ethnic Cuisine
544,5/16/2024,"€951,23",Health and Wellness,GI24 VKNB UG3K IQER LRNI I2B,Yoga Classes
545,3/14/2024,"€304,04",Family,EE85 1303 9485 5500 3959,Groceries
546,6/18/2024,"€210,09",Health and Wellness,FR98 2155 1344 45BZ 7LPO WQGH W15,Yoga Classes
547,9/14/2024,"€489,99",Insurance,FR82 9387 4333 551O DHVV BYSC 801,Critical Illness Insurance
548,11/7/2024,"€622,30",Housing and Rent,FO77 0102 2088 0149 15,Home Security
549,1/7/2024,"€588,86",Entertainment,AD86 2887 6378 YOIZ CXQN B12M,Dance Classes
550,11/3/2024,"€414,68",Housing and Rent,PL49 4616 5725 3106 4001 3613 4770,Water
551,8/31/2024,"€46,98",Travel,NO08 5984 8003 900,Flights
552,5/20/2024,"€644,59",Health and Wellness,SA04 98J2 UGPB NY1F US3M MO19,Wellness Retreats
553,7/12/2024,"€207,82",Health and Wellness,NO85 2662 4198 446,Optometrist
554,4/27/2024,"€318,47",Groceries,KW67 CACL DPYV UIZN ZNAN EDTF SBYZ FL,Condiments
555,2/5/2024,"€365,90",Travel,FO87 1394 6170 9039 45,Luggage
556,4/2/2024,"€146,84",Transportation,LT82 9740 2444 0065 7977,Train
557,1/12/2024,"€751,25",Dining and Restaurants,SE49 2999 3124 5790 7936 2916,Fine Dining
558,11/10/2023,"€679,10",Family,GL49 8433 0599 1078 62,Health Insurance
559,7/12/2024,"€27,74",Dining and Restaurants,FR18 4053 3288 33RZ M8RC QC0Y W45,Fine Dining
560,12/30/2023,"€424,03",Health and Wellness,LT31 0201 8688 3187 2326,Massage
561,12/5/2023,"€75,96",Family,SI83 9903 7540 5337 901,Holidays
562,11/26/2023,"€609,69",Entertainment,IS32 2760 5291 8346 8344 3471 33,Hobbies
563,6/7/2024,"€33,17",Shopping,ME57 4845 0000 8906 2575 17,Accessories
564,9/27/2024,"€756,04",Housing and Rent,DK38 3897 0729 4543 27,Insurance
565,7/14/2024,"€931,32",Insurance,GE54 IH19 4522 9001 4068 32,Disability Insurance
566,9/29/2024,"€182,15",Health and Wellness,IE80 NDDA 7919 6515 7527 88,Nutrition
567,8/20/2024,"€893,90",Dining and Restaurants,FR64 2907 8985 07EU GTVW N3SD T05,Bars
568,8/24/2024,"€464,37",Family,GR38 0921 735L XJXZ VC46 MPOA EKR,Family Events
569,8/24/2024,"€31,42",Insurance,FR09 7080 7396 65HI JG8R 0GBI 893,Umbrella Policy
570,10/7/2024,"€431,08",Insurance,SM33 G751 1021 060D VOO9 HTYX Q9J,Critical Illness Insurance
571,12/3/2023,"€232,86",Health and Wellness,FR34 9307 9962 04U1 S8VM MYW6 F62,Nutrition
572,5/21/2024,"€584,63",Shopping,GT57 ZCFE BPDY 4EIR LBWN BD3C CYLJ,Gifts
573,5/12/2024,"€290,29",Groceries,FO36 9283 0539 9575 56,Snacks
574,8/20/2024,"€190,80",Shopping,ES52 3572 1169 4784 1493 0431,Furniture
575,12/1/2023,"€236,63",Entertainment,MR97 4419 7108 7381 0713 8891 730,Bowling
576,3/19/2024,"€729,91",Transportation,PK66 DCGB TBRH ATLU 5WJG SS7D,Train
577,1/3/2024,"€595,26",Entertainment,RS20 7112 9823 0916 6468 69,Concerts
578,4/14/2024,"€817,20",Dining and Restaurants,SI46 3864 3231 6579 528,Delivery Services
579,9/22/2024,"€378,85",Insurance,CY63 0308 6555 E1HI 20O9 W4BJ YYKA,Dental Insurance
580,8/28/2024,"€211,34",Housing and Rent,BG72 BLJY 7228 47CV LGGD LA,Insurance
581,1/2/2024,"€761,07",Dining and Restaurants,AZ59 SCZZ HTLZ EPAU MWEA BJ5F YTE1,Takeout
582,9/9/2024,"€125,22",Entertainment,BH51 BWOA YSWK 2UIR H0WA SO,Dance Classes
583,2/1/2024,"€678,02",Dining and Restaurants,AL62 2997 1640 PZCK DIAQ WQMV 1B9V,Casual Dining
584,8/18/2024,"€482,63",Shopping,LU78 035B 6W7E IIHC DU9E,Books
585,2/22/2024,"€380,82",Health and Wellness,IL34 0536 6174 1598 6524 334,Yoga Classes
586,1/16/2024,"€977,52",Insurance,HU56 8345 8950 5502 3685 4861 3837,Health Insurance
587,7/23/2024,"€925,80",Shopping,IT76 P687 6255 142I RCPZ ZK1T LNZ,Appliances
588,5/16/2024,"€595,78",Dining and Restaurants,RS43 5689 3939 4480 1783 14,Bars
589,11/16/2023,"€327,46",Entertainment,GT67 FNRG 0VBG S99H BRXX ZHNK RF0C,Video Games
590,12/9/2023,"€576,09",Groceries,LT87 2014 2300 9149 9427,Frozen Foods
591,5/21/2024,"€382,82",Entertainment,DE26 3231 5769 4834 9737 52,Sports Events
592,3/3/2024,"€864,58",Travel,FR62 2495 8126 47JN PRQI UPIR B17,Food & Dining
593,11/14/2023,"€719,17",Dining and Restaurants,PT62 7741 0752 1406 6239 7491 8,Fine Dining
594,3/28/2024,"€325,29",Travel,VG68 VUJI 0020 1350 1500 1996,Excursions
595,9/25/2024,"€695,90",Dining and Restaurants,RO96 OVYG 56HY HSPO MSFO YMCA,Ethnic Cuisine
596,2/26/2024,"€466,42",Dining and Restaurants,LI23 7364 3ZAG QGGJ CDGF X,Casual Dining
597,3/24/2024,"€29,75",Groceries,BH43 SNJS EJSW BM4J 2YOI PB,Snacks
598,1/10/2024,"€925,12",Insurance,IE61 AYLG 1563 1433 3683 76,Travel Insurance
599,7/27/2024,"€259,82",Housing and Rent,FR23 9960 3124 46JZ ITIO ES2I 598,Gas
600,6/26/2024,"€423,11",Shopping,HR46 4988 2199 1755 7243 5,Sports Equipment
601,3/23/2024,"€621,77",Shopping,LV41 FBIY ANUK 3Z0U PAGW M,Appliances
602,4/14/2024,"€150,50",Dining and Restaurants,KZ32 185M TWLM OOYM 7PCL,Bars
603,3/12/2024,"€236,54",Family,CR16 2998 1235 8273 3081 4,Toys
604,3/4/2024,"€684,60",Insurance,NO73 3821 6067 553,Renters Insurance
605,1/16/2024,"€278,83",Housing and Rent,DO14 Z0QT 4839 0772 2144 3747 5767,Maintenance
606,9/23/2024,"€95,85",Shopping,GI41 ONOM SXWP MMFX GYNT QWJ,Stationery
607,12/24/2023,"€226,24",Shopping,CH36 0232 4NNO QSWE FSPD U,Stationery
608,1/30/2024,"€112,00",Groceries,AL66 7020 5678 RYLX 55BT RYR9 AU6B,Seafood
609,8/11/2024,"€32,01",Insurance,FR91 8095 4836 89CD UAGP MMPF H52,Umbrella Policy
610,3/12/2024,"€542,76",Transportation,CH52 0752 2EAJ IPY1 48CB 6,Car Rental
611,12/1/2023,"€369,17",Family,AD96 1369 9399 RCZJ VOWQ HJJA,Books
612,1/23/2024,"€231,53",Family,CR52 3188 0449 1527 0012 5,Clothes
613,9/5/2024,"€848,56",Insurance,FR85 6183 3801 632V QG7T Y0RE 796,Health Insurance
614,1/24/2024,"€383,95",Shopping,DO03 E9HR 5362 4323 0183 4189 4904,Clothing
615,5/3/2024,"€613,07",Shopping,IE94 VFCR 1148 9557 0367 88,Accessories
616,7/23/2024,"€992,31",Insurance,PL64 0537 2221 9425 6353 7171 1789,Travel Insurance
617,9/25/2024,"€102,44",Shopping,FR32 0608 4383 47SI 3YP2 R69S 173,Stationery
618,2/7/2024,"€761,57",Health and Wellness,AZ19 QHTK ROBO YVED 89GR WWSA VOWY,Dentist
619,5/1/2024,"€367,51",Groceries,MC72 5157 6496 02TS WYUS 5FRJ L50,Fruits
620,7/13/2024,"€493,44",Dining and Restaurants,PT22 9969 6467 3517 7821 0877 0,Coffee Shops
621,1/22/2024,"€393,85",Dining and Restaurants,GI83 MXHF FHGC YN2N 3MDF AYZ,Brunch Spots
622,3/14/2024,"€434,16",Family,TN33 7487 3069 8944 0279 4731,Extra-Curricular Activities
623,2/6/2024,"€840,70",Entertainment,BH31 WVFW WPUR PKKJ 41AG KM,Streaming Services
624,6/10/2024,"€870,68",Transportation,PL94 7502 3623 7733 9130 5407 5718,Car Loan
625,1/22/2024,"€631,94",Shopping,FR91 9721 1157 64FV NW20 J5VR F62,Electronics
626,10/24/2024,"€470,77",Travel,FR83 3322 1423 11RH IBD1 YMWV L81,Visas
627,8/18/2024,"€94,75",Groceries,BG83 PPKT 4903 09XM 0GW9 WN,Seafood
628,5/3/2024,"€916,54",Travel,MD34 ZMEG EIVJ AB8S TDFV HZ1Z,Cruises
629,10/27/2024,"€98,71",Travel,GB71 APLY 5485 7841 7402 44,Flights
630,3/1/2024,"€893,44",Travel,FR90 3366 3780 816R I9T4 45WV 376,Hotels
631,5/14/2024,"€76,99",Groceries,SA49 80HC UVNZ IZEK IOKT VWI5,Vegetables
632,9/28/2024,"€111,33",Housing and Rent,RO04 GAJT 7GCA INW1 4QCW RKFP,Home Security
633,8/5/2024,"€400,88",Dining and Restaurants,FR25 6437 5640 767K IZOX ANSG R52,Food Trucks
634,2/12/2024,"€431,40",Health and Wellness,FR36 2289 5905 53JY UFFP J5RL E51,Nutrition
635,10/25/2024,"€511,37",Entertainment,LB61 7435 NN08 VPS0 G6OE SJFL HFGF,Amusement Parks
636,10/15/2024,"€20,23",Entertainment,DE60 6593 3738 1855 6588 80,Art Exhibitions
637,9/15/2024,"€930,36",Insurance,PL82 1213 9627 4099 1759 3932 5213,Disability Insurance
638,7/30/2024,"€842,18",Family,FO14 4162 2384 0145 63,Toys
639,3/27/2024,"€457,21",Family,SE73 3463 0061 0803 2655 1483,Child Entertainment
640,5/18/2024,"€996,10",Health and Wellness,FR15 8781 0831 63X4 OC6E PKST E40,Therapy
641,3/11/2024,"€236,89",Health and Wellness,EE21 1968 3064 8464 8125,Dentist
642,12/24/2023,"€68,50",Entertainment,MK53 354F K9EW HFCA T69,Dance Classes
643,6/16/2024,"€136,39",Dining and Restaurants,CH44 9683 7YUW SF6B QHYA 7,Takeout
644,11/4/2024,"€856,33",Transportation,MT85 YQKU 1933 2CRD XZTJ SYFM EDYB ZXA,Car Loan
645,2/3/2024,"€964,93",Transportation,LT44 0764 6662 4598 2838,Taxi
646,5/3/2024,"€213,31",Health and Wellness,CH09 6822 1QTL JHWS 5EWF T,Health Insurance
647,6/25/2024,"€335,92",Travel,CR83 1785 9650 8755 2308 7,Flights
648,2/19/2024,"€193,29",Housing and Rent,MK84 3482 FKUK VMFF 969,Mortgage
649,12/10/2023,"€529,96",Travel,FR23 8670 4972 50VN V8KK FTHJ D40,Cruises
650,6/19/2024,"€976,62",Family,LB59 5769 PDB2 TAN5 PGJR GII6 CJ7R,Groceries
651,11/4/2024,"€261,97",Transportation,IE70 OTVZ 7483 3166 3651 47,Roadside Assistance
652,3/28/2024,"€123,46",Entertainment,IT55 P187 0013 295Q WEGC CESW OWD,Video Games
653,10/10/2024,"€61,87",Health and Wellness,EE25 3518 4410 4037 6676,Therapy
654,7/11/2024,"€632,30",Entertainment,FR75 7403 6314 44WU JZKI JKRC Z27,Concerts
655,7/10/2024,"€800,77",Entertainment,AZ42 IMNQ OHC3 IUGE NLVR XLFX MP3T,Music Lessons
656,1/2/2024,"€672,12",Health and Wellness,FR79 1137 5223 17R2 RITR PSQS S99,Health Insurance
657,4/21/2024,"€595,83",Groceries,GL38 5676 6604 2631 84,Frozen Foods
658,6/9/2024,"€991,26",Housing and Rent,HU62 4630 4242 5652 8112 6773 0195,Furniture
659,2/1/2024,"€747,14",Dining and Restaurants,ME26 0097 7498 6486 5582 15,Bakeries
660,2/23/2024,"€615,51",Dining and Restaurants,NO08 8873 7815 376,Bakeries
661,11/4/2024,"€520,94",Groceries,PS31 CADC AB7P USOG NTRU YSCK UUTG 7,Household Items
662,5/27/2024,"€206,03",Transportation,LI45 0581 2JQJ RTQX 4ZVB F,Car Rental
663,9/28/2024,"€811,69",Housing and Rent,BR98 2012 6042 0614 5621 9355 822F B,Insurance
664,5/7/2024,"€350,76",Transportation,ES56 7229 6516 7480 3242 5284,Rideshare
665,10/23/2024,"€579,30",Travel,FR05 9126 7052 60LG DF1H EI3O Q55,Tourist Attractions
666,8/31/2024,"€916,77",Insurance,IT32 X865 3579 705Q X7ZI YVKT 2GC,Life Insurance
667,4/1/2024,"€633,00",Groceries,SK26 6395 0742 2702 2911 8251,Meat
668,12/20/2023,"€391,59",Transportation,IT30 R845 1879 549O DTST PZY3 KSL,Toll Fees
669,1/13/2024,"€6,09",Dining and Restaurants,MK68 163V 4SEF URQ3 H47,Bakeries
670,10/31/2024,"€964,83",Entertainment,TN69 3263 6232 1815 0588 1161,Sports Events
671,12/18/2023,"€698,80",Travel,MK78 848V T9IE 2MFR P15,Excursions
672,11/24/2023,"€744,87",Groceries,MR51 9875 4192 2599 9431 6805 940,Frozen Foods
673,1/18/2024,"€523,56",Housing and Rent,KW35 OCFQ IWKV J1GF XAEB K3LT KRTR XX,Home Security
674,12/25/2023,"€125,51",Transportation,PS91 ZGGJ RNHX PMTP ZC1W 1TJG VBTC S,Public Transport
675,3/21/2024,"€239,01",Housing and Rent,CZ04 0265 3117 2972 3052 9398,Repairs
676,10/10/2024,"€385,52",Entertainment,GI16 UGBR JIR1 H4EW CBKH IE7,Music Lessons
677,2/24/2024,"€853,00",Health and Wellness,FR67 6216 4515 37OH NCBC B3VM S41,Optometrist
678,6/18/2024,"€327,11",Health and Wellness,FR03 9448 9109 49FG RH9I SQCL D03,Personal Trainer
679,6/8/2024,"€484,08",Entertainment,MT80 CZUV 4911 7URT UTXL HDIE LEHQ SER,Amusement Parks
680,9/29/2024,"€925,51",Dining and Restaurants,ME04 9655 5335 6139 3875 83,Casual Dining
681,6/23/2024,"€720,65",Transportation,BE93 6349 3389 5876,Flight
682,12/13/2023,"€914,01",Entertainment,HR79 0306 7862 0881 0975 9,Museums
683,11/29/2023,"€311,04",Dining and Restaurants,PL23 0098 2894 3798 8496 8622 5882,Dessert Shops
684,8/17/2024,"€760,35",Entertainment,BA88 2937 9350 9428 5093,Escape Rooms
685,5/3/2024,"€965,60",Shopping,FR46 3873 1771 88ZK S2W3 X2MH 647,Accessories
686,2/17/2024,"€22,14",Transportation,LU94 9604 OQVY NP4D CNOZ,Electric Vehicle Charging
687,8/10/2024,"€575,20",Family,PS76 RZND HBWP PQIC KZXW ZZVR R9KR O,Birthday Gifts
688,4/6/2024,"€16,39",Insurance,HR21 0457 6192 6732 1722 9,Health Insurance
689,6/22/2024,"€8,38",Transportation,SM07 T779 2290 180O P2PF LDHT L1K,Car Loan
690,4/15/2024,"€655,16",Housing and Rent,MR10 7756 8511 9129 7819 9376 414,Home Improvements
691,11/8/2023,"€46,03",Travel,DO66 RUFW 6856 6313 3473 7474 4480,Food & Dining
692,10/20/2024,"€120,05",Housing and Rent,RO70 ABOQ 9OHH LCRM I7E2 ADZB,Home Improvements
693,6/17/2024,"€551,75",Entertainment,BR81 7521 2713 6702 7150 2156 875T K,Streaming Services
694,1/6/2024,"€44,30",Travel,LB50 0525 GQVD OACB MI90 TK0Y 5L5D,Airport Transfers
695,8/12/2024,"€355,82",Groceries,AD88 0232 2273 NYG3 JXLH AOFV,Personal Care
696,7/3/2024,"€398,55",Travel,CY11 6254 3244 K2DB C2IG UAYX XJBF,Tourist Attractions
697,7/18/2024,"€493,04",Family,FR25 6815 1749 28FQ LGCI 7WS1 M09,Books
698,3/6/2024,"€954,03",Dining and Restaurants,IS53 9127 4409 3446 4858 1726 03,Takeout
699,6/13/2024,"€222,21",Insurance,MU68 HPBJ 4115 1201 5162 3991 085M AI,Disability Insurance
700,5/18/2024,"€678,19",Transportation,LB48 5141 ZGUC ABRQ YBWC COCW E3SQ,Insurance
701,3/18/2024,"€994,62",Groceries,LT52 1320 9835 9408 4197,Canned Goods
702,8/19/2024,"€672,11",Family,DE85 3346 3203 2415 5677 85,Home Essentials
703,1/27/2024,"€10,00",Health and Wellness,FR29 7364 5678 78IT TIYJ 2HAD 108,Therapy
704,7/2/2024,"€255,86",Travel,CY11 6535 2530 FZYZ ONNR LOHL 0A80,Rental Cars
705,4/20/2024,"€21,98",Insurance,LB15 6875 E6WY 3LDU BAL2 THZ5 C7HN,Liability Insurance
706,12/20/2023,"€68,93",Health and Wellness,SE96 7230 9608 5452 3294 3751,Wellness Retreats
707,3/28/2024,"€617,53",Insurance,CR58 6454 2763 3135 3104 7,Critical Illness Insurance
708,6/3/2024,"€302,98",Travel,GB80 ELUT 3270 2562 0737 86,Tourist Attractions
709,3/4/2024,"€836,81",Transportation,LB85 8514 YDWH I83M APVI AX70 LAYP,Taxi
710,6/19/2024,"€80,09",Entertainment,MK86 598N FZVJ CSKY J29,Museums
711,1/21/2024,"€623,89",Shopping,LT81 3551 9816 4009 4820,Office Supplies
712,11/3/2024,"€166,22",Shopping,LT19 3414 6037 1291 4138,Appliances
713,4/16/2024,"€56,63",Dining and Restaurants,DE02 3910 1377 8009 2916 80,Coffee Shops
714,9/7/2024,"€259,92",Groceries,MK89 7504 8LJC H0FG X59,Beverages
715,1/3/2024,"€203,40",Groceries,CZ95 7553 5336 7634 2481 6581,Frozen Foods
716,4/15/2024,"€857,35",Entertainment,PS29 HLKW FZK0 BAF1 WF2O TZ1U TQYB Q,Concerts
717,7/17/2024,"€764,12",Health and Wellness,EE32 7935 2210 4715 5231,Nutrition
718,1/24/2024,"€720,81",Entertainment,GE70 KL39 4448 6634 2653 04,Bowling
719,1/14/2024,"€305,45",Insurance,FR66 6076 7772 40GU RAG5 PW0M O40,Business Insurance
720,3/21/2024,"€757,11",Groceries,LV24 COCX ODMU BYUG LFN1 9,Fruits
721,5/30/2024,"€896,97",Groceries,FR88 8130 2718 37OZ AIDZ K9KN I88,Cleaning Supplies
722,11/14/2023,"€985,33",Transportation,NL88 AYGS 2705 4251 95,Vehicle Maintenance
723,5/30/2024,"€272,34",Family,NL23 IVJB 8694 5178 87,Tutoring
724,12/29/2023,"€630,50",Health and Wellness,FR24 3703 4216 93UL T8OV JQOI K71,Optometrist
725,12/13/2023,"€110,43",Housing and Rent,SA53 806S EB3J XC3X 6JFA HWGE,Gas
726,1/26/2024,"€598,90",Shopping,BE74 3854 6222 8701,Office Supplies
727,8/10/2024,"€884,00",Entertainment,FR69 7744 9701 356F BOEA XRSK F35,Live Theater
728,4/11/2024,"€269,04",Shopping,VG17 AZIA 4381 5683 6523 6737,Furniture
729,7/23/2024,"€9,65",Transportation,FR19 5613 0695 35FU HAE2 WBSB Q67,Roadside Assistance
730,2/3/2024,"€674,89",Shopping,KW96 DJIS N0CQ 2LN9 B4ZS WCVO OWVJ KI,Appliances
731,3/14/2024,"€844,95",Transportation,AE15 9033 3899 4776 5905 684,Public Transport
732,10/14/2024,"€990,19",Family,DE24 6785 3710 6001 7484 96,Birthday Gifts
733,6/27/2024,"€939,56",Housing and Rent,IE86 BPBU 9550 3932 1656 79,Electricity
734,12/17/2023,"€594,83",Transportation,KW80 RUGW RBDE QWIN IXWA A7JW EZ4X 3A,Taxi
735,3/11/2024,"€43,12",Dining and Restaurants,PL98 8594 3423 3572 6935 5173 9382,Cafes
736,8/18/2024,"€735,24",Insurance,MT65 ITSN 0632 3EY2 QV0N SKTQ QZSP UN9,Travel Insurance
737,2/19/2024,"€600,86",Health and Wellness,RO30 JYIW Q1HQ B69M LFMV 8AAU,Yoga Classes
738,2/29/2024,"€216,61",Transportation,LU29 555I 4CRW YDAB E4TW,Train
739,10/18/2024,"€270,73",Dining and Restaurants,GB04 YJKC 2392 1437 1093 11,Fine Dining
740,3/4/2024,"€99,79",Health and Wellness,DO73 AWQT 4536 2709 9621 8431 3116,Gym Membership
741,1/20/2024,"€76,34",Housing and Rent,AD83 7320 6289 L9TS 0OUO HMCE,Insurance
742,6/24/2024,"€802,47",Insurance,GL95 1931 1270 8165 64,Umbrella Policy
743,8/22/2024,"€640,58",Groceries,ME51 5788 7613 6419 9932 99,Snacks
744,1/8/2024,"€840,72",Insurance,AD39 8231 8736 XOYB 2JEF JEVR,Travel Insurance
745,7/28/2024,"€213,80",Transportation,AZ19 YTZU 30AM DYA2 IP4T NKGA ENFQ,Gasoline
746,7/12/2024,"€990,06",Dining and Restaurants,AE48 6931 6230 5668 2419 697,Fine Dining
747,11/4/2024,"€654,45",Transportation,ES67 3221 9636 3741 8635 8815,Electric Vehicle Charging
748,4/28/2024,"€974,35",Transportation,PK16 OBCW MBHC RKTC JD1T RKIN,Bike Rental
749,3/20/2024,"€301,52",Housing and Rent,CR45 5472 0006 4780 8123 0,Gas
750,12/24/2023,"€139,01",Groceries,FO56 4870 3600 9951 44,Household Items
751,7/28/2024,"€60,18",Health and Wellness,FR69 3990 3046 05GV 6JIF YMOG D05,Massage
752,3/17/2024,"€137,43",Dining and Restaurants,PL14 3479 2268 9125 8001 6896 6653,Bakeries
753,8/21/2024,"€65,14",Dining and Restaurants,FR33 6010 7671 17ZW 5VCH CA8P 065,Dessert Shops
754,6/4/2024,"€282,88",Housing and Rent,LI13 7397 3L18 QAOQ X3GK H,Rent
755,3/21/2024,"€215,55",Dining and Restaurants,GI98 QZPQ BE3S WSDF TJ64 N6V,Delivery Services
756,7/25/2024,"€820,32",Transportation,HR25 0467 9226 5409 3030 2,Insurance
757,2/25/2024,"€300,62",Groceries,KW75 XVGA GKCL L8S4 E2SP XZGH 0LXW TO,Snacks
758,2/27/2024,"€527,32",Shopping,RS53 1648 4138 6781 3764 95,Toys
759,4/11/2024,"€403,04",Family,TR57 9029 4KGV 1J0Q QF0G J01Z B6,Family Events
760,3/9/2024,"€471,41",Health and Wellness,IE37 QUZT 3956 6698 9242 52,Physical Therapy
761,12/13/2023,"€882,74",Shopping,IT38 I047 8280 101M 23Z3 YDOR P2T,Jewelry
762,12/5/2023,"€410,79",Dining and Restaurants,AD90 8806 4004 M0DN CJ3B BBZR,Brunch Spots
763,6/11/2024,"€276,04",Housing and Rent,GB82 ZSFC 0854 1390 0389 59,Insurance
764,9/6/2024,"€973,19",Family,ES67 3297 2886 6685 5947 4238,School Fees
765,3/8/2024,"€929,85",Dining and Restaurants,FR36 9877 6335 361B UTF3 PKPQ 396,Brunch Spots
766,8/27/2024,"€103,58",Health and Wellness,HR79 6109 4332 1162 8068 8,Chiropractor
767,7/11/2024,"€863,72",Insurance,VG82 CCKH 5907 7990 4439 8650,Home Insurance
768,3/18/2024,"€79,19",Dining and Restaurants,HR46 0173 5476 3130 7051 2,Bakeries
769,11/21/2023,"€930,11",Groceries,GL40 5144 0781 9840 11,Personal Care
770,6/25/2024,"€596,95",Shopping,HR61 8873 9232 3795 6675 9,Office Supplies
771,12/20/2023,"€481,70",Insurance,AE70 8758 5300 7079 3229 332,Pet Insurance
772,7/23/2024,"€335,74",Health and Wellness,PT96 9182 0145 4770 7637 5326 7,Chiropractor
773,1/7/2024,"€560,01",Shopping,GE48 TP75 5821 6039 0603 08,Shoes
774,2/22/2024,"€521,84",Housing and Rent,AL56 7845 2953 OOAK YO1V JNWK 1HL5,Insurance
775,4/15/2024,"€784,87",Groceries,DE20 5680 1552 0691 9148 19,Pet Supplies
776,7/3/2024,"€810,75",Entertainment,FR45 9986 7589 81X5 AOMX Q6GK S70,Museums
777,11/15/2023,"€569,47",Family,SM40 I574 8951 1552 MN7K ULCS RGL,Books
778,2/14/2024,"€290,06",Groceries,FR09 1114 7605 64RF TVNT ENX2 F49,Frozen Foods
779,3/18/2024,"€306,17",Insurance,IT16 Y248 7759 7344 Z9AI GKXG GP2,Business Insurance
780,4/5/2024,"€977,27",Housing and Rent,AZ93 KFFC HAVB 3ONL JLNV 0QLQ WLCI,Phone
781,7/1/2024,"€913,20",Insurance,BH90 QBNA CMMW 0SJG TXVH DR,Critical Illness Insurance
782,9/27/2024,"€651,37",Transportation,SK14 3484 2955 4648 2434 8192,Taxi
783,5/5/2024,"€608,21",Dining and Restaurants,FR97 5588 1973 2566 RNBO SVUW X66,Fast Food
784,3/9/2024,"€193,46",Shopping,DE62 6572 3863 4897 2589 70,Outdoor Gear
785,9/1/2024,"€41,12",Health and Wellness,FI22 8081 5004 4751 07,Chiropractor
786,6/2/2024,"€742,27",Dining and Restaurants,MT17 LSSR 3540 35GC WWKO FDHX O5Y1 OBU,Fast Food
787,1/4/2024,"€436,15",Housing and Rent,GB79 KMKV 7849 7316 5513 82,Phone
788,7/1/2024,"€810,32",Health and Wellness,FI37 6914 2354 1110 04,Wellness Retreats
789,8/11/2024,"€199,73",Housing and Rent,AL35 3102 9893 NEWX 7YO2 J7KU NHB8,Insurance
790,3/13/2024,"€703,50",Insurance,GB86 MYGQ 1592 0097 8177 09,Vision Insurance
791,5/19/2024,"€503,70",Groceries,FR41 9836 1911 66NO SKIG KYEQ D78,Household Items
792,4/5/2024,"€459,29",Family,DK15 9002 4776 7279 61,Health Insurance
793,3/22/2024,"€996,30",Groceries,MT68 YUFC 8556 6RW6 O1SW MLIH WDYR WKA,Pet Supplies
794,4/29/2024,"€577,07",Transportation,SM72 N758 0458 982L LNEK KIUX 8SP,Train
795,8/10/2024,"€270,69",Groceries,FR32 2260 3285 23WH HCHX 8O0E R20,Household Items
796,2/4/2024,"€103,27",Entertainment,MK15 245Y N7AS K0KO K57,Escape Rooms
797,11/6/2024,"€341,42",Dining and Restaurants,RS96 4780 5587 9966 6863 33,Casual Dining
798,4/4/2024,"€52,76",Insurance,CH93 1417 2ZEP 5QYZ SVDU O,Dental Insurance
799,2/15/2024,"€586,99",Family,ES21 6603 8911 6039 9081 1853,Family Events
800,9/20/2024,"€155,51",Travel,DO81 AX5R 2295 9414 7958 6671 8179,Souvenirs
801,6/26/2024,"€101,65",Entertainment,PL17 8714 8235 3201 0848 7209 1554,Dance Classes
802,2/13/2024,"€272,27",Family,TR57 5927 0Z7X WRHC NVWH TQUP WA,Family Events
803,6/14/2024,"€862,17",Shopping,MK09 462W CPL4 ALNM C11,Electronics
804,3/8/2024,"€255,58",Shopping,KZ50 654D A1MI 3BVQ OKTL,Accessories
805,9/20/2024,"€185,36",Insurance,FR51 4709 1829 809J DHVL CED0 X83,Critical Illness Insurance
806,7/29/2024,"€261,87",Shopping,MC36 4508 7341 32IZ JNSB LCBE D45,Clothing
807,10/27/2024,"€599,34",Insurance,FR19 7770 7127 58OP YRTI I566 P41,Vision Insurance
808,1/12/2024,"€998,57",Entertainment,AZ72 CWFE 5IBB GLCO JWDJ 877E PJXJ,Music Lessons
809,12/31/2023,"€518,41",Travel,CY07 4154 5044 L1NY BHJX ZHXC CZYW,Cruises
810,7/12/2024,"€572,40",Groceries,IE56 WRUZ 5734 7237 4070 90,Pet Supplies
811,5/14/2024,"€321,96",Family,HU34 3370 8394 6020 7938 0573 7902,Pet Care
812,1/22/2024,"€860,69",Family,IS03 6241 7547 2287 5404 3394 60,Family Events
813,2/21/2024,"€489,56",Health and Wellness,PL22 0278 0661 8723 3868 5774 1731,Gym Membership
814,12/25/2023,"€379,44",Insurance,FR40 8745 8690 85KN E7DG A1TX M95,Renters Insurance
815,11/29/2023,"€525,49",Transportation,IL39 9869 7677 3750 5115 385,Train
816,3/20/2024,"€339,42",Entertainment,LV78 YIDE FFR3 4SAF NCXO U,Art Exhibitions
817,7/3/2024,"€384,78",Transportation,LT81 1489 9395 5805 9651,Parking
818,8/18/2024,"€356,31",Groceries,LB92 4970 K7ZT GDLO THT9 8YXQ NQX3,Fruits
819,2/9/2024,"€307,93",Housing and Rent,MR08 1546 8949 6281 6267 8547 096,Rent
820,1/19/2024,"€110,68",Transportation,FI95 8735 3703 6041 38,Flight
821,12/6/2023,"€367,52",Travel,BE39 5311 9527 5032,Cruises
822,6/16/2024,"€804,88",Insurance,HU23 1635 4227 1186 7304 6926 2172,Home Insurance
823,1/20/2024,"€624,64",Health and Wellness,RO31 FXTC E4AQ DCJH QCPI VDSB,Health Insurance
824,11/20/2023,"€518,50",Housing and Rent,SM03 Z770 0742 636S VNWV ZK5M FWG,Internet
825,3/18/2024,"€66,96",Transportation,CZ30 8165 0994 9396 4776 5003,Roadside Assistance
826,9/1/2024,"€487,19",Entertainment,BE92 4654 8432 3712,Video Games
827,12/28/2023,"€272,91",Insurance,MD39 2EEA FXPD XDWV FS9O VJCN,Umbrella Policy
828,7/6/2024,"€679,86",Groceries,FR11 2215 9985 03MY 6ILY YFLP 963,Snacks
829,9/27/2024,"€558,94",Entertainment,BH04 YSRF 15MC L43W TSAK G2,Hobbies
830,3/19/2024,"€819,71",Health and Wellness,PT78 8453 0949 8496 8729 1188 5,Yoga Classes
831,11/17/2023,"€792,07",Shopping,GI61 KBUG NTTC RL2C PYII JKR,Jewelry
832,1/28/2024,"€820,37",Family,PK08 LQDQ L3DH KCPX KI7S PPQF,Groceries
833,5/31/2024,"€419,08",Dining and Restaurants,BR69 5846 2799 9535 4818 3282 169P 5,Buffets
834,9/22/2024,"€442,56",Housing and Rent,GB05 JWRM 6613 6839 9455 80,Rent
835,6/7/2024,"€290,08",Housing and Rent,FR51 1161 7288 15AC W6K6 SMEA S42,Rent
836,11/11/2023,"€743,54",Shopping,GT48 N2QC Q4FV OTPA XUER 73P9 MIO8,Cosmetics
837,11/26/2023,"€883,66",Travel,IE21 JRGT 3600 9939 1391 18,Excursions
838,12/10/2023,"€946,39",Insurance,FR88 6340 4145 17WD WJFR ENYS R43,Auto Insurance
839,5/6/2024,"€64,90",Family,TR73 5948 1Q4A WTGS Q0MQ AFOI 2E,Home Essentials
840,9/15/2024,"€690,47",Travel,KW38 YUHR KR5D 9DBW VKJN OFIL K23J OZ,Excursions
841,9/16/2024,"€944,55",Travel,SM59 F005 1598 9065 HSTQ 9NOL 9QB,Travel Gear
842,2/19/2024,"€191,46",Transportation,SI38 7186 1086 0532 147,Toll Fees
843,3/15/2024,"€604,76",Transportation,SI48 5213 7933 5825 649,Toll Fees
844,6/11/2024,"€732,89",Travel,IS74 6757 8808 6884 5798 7768 83,Cruises
845,11/19/2023,"€52,65",Dining and Restaurants,FO89 5459 3134 0924 67,Delivery Services
846,5/29/2024,"€583,42",Insurance,FR28 9905 7777 87MX GXNL HBFR E01,Auto Insurance
847,2/27/2024,"€584,05",Family,GR15 3214 181X MM5P CND0 TXXF AYA,Childcare
848,12/8/2023,"€472,49",Insurance,BA41 0348 5994 6527 9153,Umbrella Policy
849,2/20/2024,"€468,49",Entertainment,FR55 0934 1220 77AN 7ZGA FDX4 G72,Hobbies
850,3/26/2024,"€676,22",Dining and Restaurants,FR15 9030 5283 791G UOTY GJH8 I50,Fast Food
851,1/17/2024,"€224,78",Shopping,LT97 7987 2408 6441 3932,Gifts
852,9/14/2024,"€727,45",Insurance,FR98 3850 0510 05LS 5LGZ MRCN V51,Home Insurance
853,5/29/2024,"€707,08",Insurance,BE54 4368 8153 6017,Dental Insurance
854,2/5/2024,"€215,65",Shopping,IT59 K544 5054 806M MFPQ 95EI 1QJ,Toys
855,4/20/2024,"€836,76",Insurance,FR43 5032 7141 21HQ VP7E BWYX O30,Renters Insurance
856,8/3/2024,"€365,08",Housing and Rent,TN21 3653 6725 4501 6900 6778,Repairs
857,6/30/2024,"€382,74",Shopping,RO95 UIFF QXXJ DUZJ T9JW R49X,Jewelry
858,2/18/2024,"€92,99",Dining and Restaurants,PS15 CYFW WRBC EOO8 KC8C OVQZ BQVM U,Fine Dining
859,1/10/2024,"€490,23",Dining and Restaurants,SA86 54UL ZYXP LBGS HXIG F7FK,Coffee Shops
860,3/11/2024,"€90,30",Insurance,RO35 LTGE JBM2 QCVT 8AYM 8WOH,Home Insurance
861,8/27/2024,"€720,18",Entertainment,GT81 3FAB NV1S NIDJ U5I3 PGMV PVCT,Bowling
862,7/2/2024,"€9,23",Transportation,ES83 8865 5482 3665 2155 6920,Car Loan
863,6/8/2024,"€93,49",Dining and Restaurants,MR06 1320 5644 9183 2922 9734 906,Takeout
864,5/9/2024,"€788,17",Family,ES77 8580 4643 2755 3245 9589,Pet Care
865,3/17/2024,"€604,43",Transportation,GL35 5546 0034 8897 06,Public Transport
866,7/2/2024,"€142,66",Shopping,LU60 092S KP6J KXEB C1XK,Cosmetics
867,5/13/2024,"€340,81",Entertainment,LU72 9254 AYJL XVTG YXWX,Escape Rooms
868,4/18/2024,"€309,74",Family,FR07 6127 3350 42WF MEDF V8XY Z75,School Fees
869,2/13/2024,"€503,14",Transportation,LU84 277P WVWU CEKB 8OVU,Flight
870,1/29/2024,"€756,04",Entertainment,MC38 2515 6986 09LX WTXW 2HTE Q21,Video Games
871,1/23/2024,"€497,53",Transportation,AD17 6698 7043 JO0I SY9C 9NQN,Bike Rental
872,7/9/2024,"€45,49",Insurance,GT74 QCXG 7X3V PSX3 7QFR 1NDB RTLM,Business Insurance
873,1/22/2024,"€589,66",Shopping,IL22 0353 3336 6558 9549 689,Toys
874,12/5/2023,"€962,68",Shopping,SM92 Y778 0666 148H U7GL EZIZ QOA,Jewelry
875,8/13/2024,"€614,84",Entertainment,BH60 YHPI 92O0 LABY WRFI HK,Art Exhibitions
876,2/8/2024,"€444,22",Dining and Restaurants,FR82 6286 9239 5126 OPBW IFOV 205,Ethnic Cuisine
877,12/27/2023,"€854,75",Entertainment,LT28 6313 2746 4457 7281,Art Exhibitions
878,9/18/2024,"€432,75",Family,BH23 GQAK WLUV W3F1 H7ZG FV,Family Events
879,10/1/2024,"€683,40",Shopping,BE49 8748 5332 1278,Cosmetics
880,3/10/2024,"€356,73",Entertainment,MR90 6265 7938 9278 0672 2632 132,Video Games
881,7/12/2024,"€631,24",Shopping,TN94 3198 6752 1611 5573 6466,Books
882,11/16/2023,"€134,49",Family,DK82 1958 0996 1938 83,Books
883,2/6/2024,"€762,76",Entertainment,FR61 2745 8055 03MT VHAH JZRJ J05,Concerts
884,3/7/2024,"€800,18",Dining and Restaurants,BG42 XEJF 5707 78ZR UMMV EQ,Dessert Shops
885,3/26/2024,"€216,65",Entertainment,HU20 4826 2327 5033 5808 1240 8606,Escape Rooms
886,9/14/2024,"€958,32",Dining and Restaurants,AZ52 DCEI 6TM4 FEY8 MTA6 MQF5 N6J6,Bakeries
887,7/28/2024,"€926,98",Housing and Rent,FR27 2062 1876 61NC RCU2 RPD7 P63,Rent
888,2/27/2024,"€285,97",Groceries,AZ94 TFFH OWHZ AIFM IZ1D AND8 ZXE3,Dairy
889,10/16/2024,"€241,76",Entertainment,GE15 MG40 9587 6106 5201 23,Music Lessons
890,4/28/2024,"€222,24",Family,IS83 4875 7051 8765 7310 1418 30,Birthday Gifts
891,4/1/2024,"€943,05",Travel,GB85 UAOB 8141 6320 9751 24,Vacation Packages
892,3/18/2024,"€709,55",Family,NL98 JOIL 6167 1008 96,Home Essentials
893,4/11/2024,"€410,72",Insurance,PK33 HFOZ VYDU OPUK X4RY J8DW,Health Insurance
894,1/20/2024,"€698,90",Shopping,ES92 0087 8035 9251 5541 1029,Jewelry
895,8/19/2024,"€86,12",Dining and Restaurants,PK62 SCLZ T6CI M52I EECT EFFU,Delivery Services
896,3/13/2024,"€889,16",Health and Wellness,ME89 7801 3286 3777 2925 97,Doctor Visits
897,4/18/2024,"€437,80",Health and Wellness,NO42 1287 8385 577,Personal Trainer
898,7/4/2024,"€484,59",Entertainment,DK42 4762 5078 0691 16,Art Exhibitions
899,12/7/2023,"€868,26",Insurance,LI29 7318 3FSW ONNQ NLFV V,Renters Insurance
900,11/25/2023,"€164,53",Transportation,SA31 28YU GEDL NJIY W4DK 3HQZ,Flight
901,3/30/2024,"€638,18",Family,LV49 MVVU FIVZ F46K ADB3 1,Tutoring
902,4/9/2024,"€457,71",Travel,LT86 9901 4362 1833 8908,Visas
903,3/23/2024,"€297,78",Entertainment,SI96 7601 5122 2835 860,Dance Classes
904,6/20/2024,"€311,32",Family,GL18 6563 4008 9790 67,School Fees
905,9/29/2024,"€783,89",Entertainment,AT39 1783 9432 6207 2805,Live Theater
906,4/30/2024,"€399,29",Shopping,FR93 6459 7777 27PK TQCE MVHB T43,Shoes
907,1/19/2024,"€956,83",Travel,AE81 5319 3236 6458 5556 393,Visas
908,6/22/2024,"€802,65",Groceries,LT51 4466 1003 6162 5738,Seafood
909,10/25/2024,"€760,51",Shopping,TR18 2755 5XCJ ADXQ VXF8 5V1N VA,Clothing
910,12/25/2023,"€540,51",Groceries,MU53 JVIR 2195 8680 6992 9110 004D IB,Frozen Foods
911,12/3/2023,"€877,88",Insurance,HR41 3428 3398 7680 5463 3,Umbrella Policy
912,1/1/2024,"€935,15",Travel,FR15 0319 9586 60XP YUPH V01H J44,Public Transport
913,5/14/2024,"€711,59",Travel,FR93 2336 0784 35OZ 2KDK ENBW V03,Travel Gear
914,7/12/2024,"€529,10",Housing and Rent,IE55 KOSQ 5790 2971 0316 34,Maintenance
915,12/26/2023,"€115,48",Travel,BA50 5234 6563 2336 8812,Visas
916,2/22/2024,"€994,61",Groceries,KZ95 313G MGWR NMBZ TF9A,Canned Goods
917,10/4/2024,"€501,82",Transportation,LB73 8950 EB6E VRM3 GRDI IY94 UUGU,Car Rental
918,2/25/2024,"€263,48",Groceries,CR87 0687 7596 7657 4828 5,Fruits
919,12/2/2023,"€684,65",Travel,ME10 4104 6706 9404 7527 42,Rental Cars
920,9/25/2024,"€449,03",Health and Wellness,FR21 5350 3877 00LI EBE7 YVS9 Z18,Dentist
921,8/16/2024,"€663,88",Shopping,KW09 TFZM LPSA MA6K I6U3 FOZU 3VRY NS,Office Supplies
922,12/2/2023,"€837,71",Housing and Rent,EE40 3791 8071 5954 8083,Phone
923,2/29/2024,"€110,35",Groceries,GT72 W5VN AXPP PBV4 FKWM UKME E5BD,Beverages
924,8/8/2024,"€939,58",Shopping,CR04 0202 9051 3958 7355 0,Toys
925,10/29/2024,"€638,72",Shopping,RS70 8229 9501 5356 7775 46,Shoes
926,3/17/2024,"€145,78",Housing and Rent,FR87 5208 1578 894O TY6O REXB 414,Phone
927,4/4/2024,"€630,21",Travel,IE08 YFTU 2403 0876 1356 88,Hotels
928,9/12/2024,"€57,35",Housing and Rent,BA56 8153 9151 7441 3717,Maintenance
929,8/25/2024,"€179,86",Shopping,GL53 3784 4316 6450 57,Office Supplies
930,9/8/2024,"€45,28",Transportation,FR95 0121 2951 389K 78NS VI6D 053,Insurance
931,11/15/2023,"€39,17",Groceries,FR41 6749 1321 708L ZH8E SX5W H60,Bakery
932,5/4/2024,"€559,89",Insurance,GT27 GO5R CEKQ VSQC MGXC MNCX UIHE,Umbrella Policy
933,6/21/2024,"€809,13",Shopping,EE39 3879 2900 1836 3520,Accessories
934,5/22/2024,"€682,90",Housing and Rent,DK31 6073 6656 3102 14,Home Improvements
935,2/10/2024,"€228,31",Entertainment,FR46 9456 6360 05QU WAEX 3D6F G97,Streaming Services
936,12/6/2023,"€896,35",Insurance,CH19 4557 6QOA BCT1 YGMC 6,Mortgage Insurance
937,3/24/2024,"€879,76",Travel,TN67 8959 8119 8587 3922 5200,Flights
938,6/25/2024,"€466,37",Health and Wellness,GT58 W9QE 9TB0 UXRJ 9PH2 ZCOG O8EW,Yoga Classes
939,11/10/2023,"€554,73",Family,FR63 5153 3905 15OO RCDZ 0PSZ A38,Books
940,5/8/2024,"€308,32",Groceries,LT61 8099 2189 5080 0062,Seafood
941,8/13/2024,"€237,78",Shopping,TN06 4402 8070 7162 6621 0624,Gifts
942,1/16/2024,"€59,18",Transportation,FR24 2965 8790 19HQ HRQQ XC09 W10,Bike Rental
943,9/4/2024,"€127,40",Transportation,FR53 0726 6287 40VH VDA4 TPJ9 Z30,Insurance
944,9/7/2024,"€874,10",Family,BR95 0067 4469 3380 4239 9331 545Y J,Toys
945,6/25/2024,"€807,56",Transportation,IL11 8884 8063 2903 1958 703,Flight
946,12/27/2023,"€135,78",Insurance,FR68 1616 0056 67KE 2PIX WGOH I23,Travel Insurance
947,4/30/2024,"€293,64",Travel,AE29 6695 8171 7292 9814 351,Public Transport
948,12/3/2023,"€998,35",Insurance,AT17 3709 5760 4002 9032,Vision Insurance
949,10/10/2024,"€548,21",Health and Wellness,ES49 2059 2506 2992 9549 4738,Chiropractor
950,4/21/2024,"€440,68",Family,MU34 AWKP 6072 4920 2455 3374 443M WO,Books
951,7/4/2024,"€164,11",Family,BR61 3759 8289 3638 9045 3856 125X 0,Tutoring
952,7/8/2024,"€585,27",Family,FR61 1356 3035 82GH SYYR JQJ2 C12,Books
953,4/6/2024,"€417,29",Shopping,LB13 5567 LGAX RAVC 5SIK 8Y2Y HW8J,Stationery
954,12/3/2023,"€400,99",Transportation,TN61 7046 3757 8140 8311 1645,Flight
955,4/12/2024,"€467,88",Travel,KW39 BBWC MTWB G0AL IAIK LUZO 2CKN OB,Excursions
956,6/30/2024,"€518,47",Entertainment,FR05 4073 8087 00WF PXPX LRFS W38,Video Games
957,3/14/2024,"€809,55",Family,BR56 5820 2833 8488 1943 7051 308L R,Birthday Gifts
958,10/9/2024,"€941,15",Dining and Restaurants,CH75 5370 0JLJ JZ00 RUX5 R,Bars
959,5/14/2024,"€340,38",Groceries,GB80 HJTK 1087 7510 5503 09,Frozen Foods
960,12/23/2023,"€413,90",Insurance,MK42 894E STI4 SO5L L03,Travel Insurance
961,4/10/2024,"€239,75",Entertainment,BH17 AETM N1TS XAJT 1CXL AV,Karaoke
962,10/2/2024,"€867,97",Family,FR59 8446 6399 95IF 3YLD WYRY Z32,Family Events
963,7/23/2024,"€808,98",Family,MU38 BONJ 6313 8640 9371 8185 284S TJ,School Fees
964,8/10/2024,"€797,70",Housing and Rent,RS31 5938 7840 6323 6248 60,Gas
965,6/1/2024,"€553,42",Family,LT67 9039 0373 2707 5589,Childcare
966,1/9/2024,"€25,25",Entertainment,GB02 UJOQ 8596 8349 6430 28,Live Theater
967,3/10/2024,"€713,92",Insurance,ME67 5399 9516 1835 5159 84,Home Insurance
968,9/10/2024,"€351,72",Family,PS71 MQAD ZQYT S2TM 1Q2I DVFY FRPL 8,School Fees
969,8/22/2024,"€183,50",Housing and Rent,MT86 UJVD 4069 9OGR EJEP NSRD BDAK WBH,Water
970,7/25/2024,"€536,31",Health and Wellness,SE64 1849 3301 1672 5684 6672,Therapy
971,5/31/2024,"€499,31",Dining and Restaurants,GL82 5642 6965 0715 63,Pubs
972,9/28/2024,"€952,12",Entertainment,FR55 5363 5412 333Z WROB RXMU 674,Sports Events
973,4/23/2024,"€351,73",Entertainment,SM30 B978 0542 460S XJOT G3OM XDA,Movies
974,9/2/2024,"€385,57",Family,AE54 1681 4891 3014 7891 845,Childcare
975,9/24/2024,"€368,48",Health and Wellness,FO56 0177 7835 0419 13,Health Insurance
976,1/5/2024,"€971,31",Groceries,IS94 3027 1674 9277 9901 3803 19,Seafood
977,5/13/2024,"€742,56",Travel,LT08 2158 8206 5448 1183,Flights
978,10/6/2024,"€8,32",Health and Wellness,FI25 6149 8593 6114 31,Doctor Visits
979,5/20/2024,"€13,93",Travel,FI11 8832 8715 0217 01,Food & Dining
980,5/19/2024,"€483,04",Entertainment,DO02 HAMS 3426 0072 0373 1624 1043,Amusement Parks
981,1/10/2024,"€847,11",Travel,MT79 CUYF 4102 104D QJB3 QXOH KUGP 0MK,Airport Transfers
982,3/27/2024,"€723,14",Entertainment,PS85 FOAH SMBM SGKY MKEF WYMK UOO9 8,Museums
983,4/15/2024,"€866,84",Dining and Restaurants,FR30 3395 0574 92WK DFEJ TNAR N82,Takeout
984,7/23/2024,"€143,40",Groceries,FR22 6110 2234 279B JO4R ELFI O16,Meat
985,9/26/2024,"€198,51",Family,TN22 8892 2065 0006 4138 3195,Holidays
986,6/15/2024,"€963,19",Transportation,BA34 7349 4693 6915 1484,Insurance
987,12/6/2023,"€566,83",Entertainment,AT81 9384 6947 7329 6895,Video Games
988,6/5/2024,"€64,62",Family,IS36 3579 3255 7631 5637 6947 75,School Fees
989,2/2/2024,"€804,67",Housing and Rent,VG06 JLES 7574 6414 0716 5759,Property Tax
990,5/10/2024,"€263,72",Insurance,RO83 TNIW JM35 V60F HCS0 HBLJ,Vision Insurance
991,3/15/2024,"€967,87",Shopping,AL34 0982 2417 4PN2 CWY5 U3BE WPEJ,Jewelry
992,7/29/2024,"€724,93",Health and Wellness,BG47 VWTD 4093 32R6 UZPW TY,Physical Therapy
993,8/24/2024,"€270,09",Dining and Restaurants,NO40 5912 3583 171,Brunch Spots
994,1/28/2024,"€786,48",Groceries,CR59 1550 7534 5609 0654 4,Meat
995,8/22/2024,"€463,86",Entertainment,PL06 5685 7314 2393 2211 5881 5513,Bowling
996,8/29/2024,"€102,55",Travel,FR87 3532 6519 415C 9JBK TUK5 Y42,Vacation Packages
997,2/1/2024,"€18,18",Travel,BA88 1763 7414 5275 4331,Rental Cars
998,1/21/2024,"€224,58",Insurance,CH53 8516 4NNG HPUC D8MB U,Renters Insurance
999,11/20/2023,"€664,03",Dining and Restaurants,FR19 0144 4990 769W 9KMO UAMZ Q22,Fast Food
1000,11/1/2024,"€808,24",Entertainment,FR72 9469 5872 33DS FKTK PJCJ E85,Movies
